Test run for C:\Source\HamLet\tests\Hamlet.RadioEngine.Tests\bin\Debug\net8.0\Hamlet.RadioEngine.Tests.dll (.NETCoreApp,Version=v8.0)
A total of 1 test files matched the specified pattern.
C:\Source\HamLet\tests\Hamlet.RadioEngine.Tests\bin\Debug\net8.0\Hamlet.RadioEngine.Tests.dll
[xUnit.net 00:00:00.00] xUnit.net VSTest Adapter v2.8.2+699d445a1a (64-bit .NET 8.0.24)
[xUnit.net 00:00:01.61]   Discovering: Hamlet.RadioEngine.Tests
[xUnit.net 00:00:01.85]   Discovered:  Hamlet.RadioEngine.Tests
[xUnit.net 00:00:01.86]   Starting:    Hamlet.RadioEngine.Tests
[xUnit.net 00:00:02.08]   Finished:    Hamlet.RadioEngine.Tests
  Passed Hamlet.RadioEngine.Tests.Cw.WhereTheSecondDecodersFirstDitGoesTests.ThroughTheCaseSampleBySample [194 ms]
  Standard Output Messages:
 HM-REQ-122 | trace | emitted `GARIS CQ ` | 8256 decision samples
 mark | 1 | 10.0026 s to 10.0643 s | 493 samples
 mark | 2 | 10.1359 s to 10.3309 s | 1560 samples
 mark | 3 | 10.4025 s to 10.5975 s | 1560 samples
 mark | 4 | 10.6693 s to 10.7309 s | 493 samples
 mark | 5 | 10.9359 s to 10.9975 s | 493 samples
 mark | 6 | 11.0693 s to 11.2643 s | 1560 samples
 lead-in last second | 500 samples | in tone 227 | downs 22 | spikes 18 | ups 4 | mean CWupper 0.8389 | mean CWlower 0.8395 | mean value 0.8404 | mean magnitude 0.02390 | agc_peak 0.02862 | noise_floor 0.02273 | sig_avg 0.02400
 row | t_in s | t_filt s | magnitude | value | agc_peak | noise_floor | sig_avg | CWupper | CWlower | state | smpl_ctr | two_dots | events | printed | held
 row | 9.0039 | 9.0680 | 0.02577 | 0.9026 | 0.02855 | 0.02657 | 0.02397 | 0.8577 | 0.8668 | tone | 944 | 1025 |  |  | .
 row | 9.0059 | 9.0700 | 0.02509 | 0.8787 | 0.02855 | 0.02657 | 0.02397 | 0.8578 | 0.8669 | tone | 960 | 1025 |  |  | .
 row | 9.0079 | 9.0720 | 0.02549 | 0.8930 | 0.02854 | 0.02657 | 0.02397 | 0.8579 | 0.8671 | tone | 976 | 1025 |  |  | .
 row | 9.0099 | 9.0740 | 0.02574 | 0.9020 | 0.02854 | 0.02657 | 0.02397 | 0.8581 | 0.8672 | tone | 992 | 1025 |  |  | .
 row | 9.0119 | 9.0760 | 0.02908 | 1.0186 | 0.02854 | 0.02657 | 0.02398 | 0.8581 | 0.8672 | tone | 1008 | 1025 |  |  | .
 row | 9.0139 | 9.0780 | 0.03029 | 1.0608 | 0.02855 | 0.02657 | 0.02398 | 0.8580 | 0.8671 | tone | 1024 | 1025 |  |  | .
 row | 9.0159 | 9.0800 | 0.02803 | 0.9816 | 0.02855 | 0.02657 | 0.02399 | 0.8582 | 0.8672 | tone | 1040 | 1025 |  |  | .
 row | 9.0179 | 9.0820 | 0.02737 | 0.9587 | 0.02855 | 0.02657 | 0.02399 | 0.8583 | 0.8673 | tone | 1056 | 1025 |  |  | .
 row | 9.0199 | 9.0840 | 0.02538 | 0.8891 | 0.02855 | 0.02657 | 0.02399 | 0.8584 | 0.8675 | tone | 1072 | 1025 |  |  | .
 row | 9.0219 | 9.0860 | 0.02488 | 0.8717 | 0.02854 | 0.02657 | 0.02399 | 0.8586 | 0.8676 | tone | 1088 | 1025 |  |  | .
 row | 9.0239 | 9.0880 | 0.02439 | 0.8547 | 0.02854 | 0.02657 | 0.02399 | 0.8587 | 0.8677 | idle | 1104 | 1025 | spike 224 |  | .
 row | 9.0259 | 9.0900 | 0.02295 | 0.8040 | 0.02854 | 0.02655 | 0.02399 | 0.8586 | 0.8675 | idle | 1120 | 1025 |  |  | .
 row | 9.0279 | 9.0920 | 0.02289 | 0.8019 | 0.02854 | 0.02653 | 0.02399 | 0.8584 | 0.8673 | idle | 1136 | 1025 |  |  | .
 row | 9.0299 | 9.0940 | 0.02217 | 0.7768 | 0.02854 | 0.02651 | 0.02399 | 0.8582 | 0.8670 | idle | 1152 | 1025 |  |  | .
 row | 9.0319 | 9.0960 | 0.02356 | 0.8255 | 0.02854 | 0.02650 | 0.02399 | 0.8581 | 0.8669 | idle | 1168 | 1025 |  |  | .
 row | 9.0339 | 9.0980 | 0.02576 | 0.9026 | 0.02854 | 0.02650 | 0.02399 | 0.8582 | 0.8670 | tone | 0 | 1025 | down |  | 
 row | 9.0359 | 9.1000 | 0.02752 | 0.9644 | 0.02854 | 0.02650 | 0.02399 | 0.8583 | 0.8671 | tone | 16 | 1025 |  |  | 
 row | 9.0379 | 9.1020 | 0.02959 | 1.0367 | 0.02854 | 0.02650 | 0.02400 | 0.8583 | 0.8671 | tone | 32 | 1025 |  |  | 
 row | 9.0399 | 9.1040 | 0.03165 | 1.1082 | 0.02856 | 0.02650 | 0.02401 | 0.8581 | 0.8668 | tone | 48 | 1025 |  |  | 
 row | 9.0419 | 9.1060 | 0.03027 | 1.0595 | 0.02857 | 0.02650 | 0.02401 | 0.8580 | 0.8667 | tone | 64 | 1025 |  |  | 
 row | 9.0439 | 9.1080 | 0.02616 | 0.9157 | 0.02856 | 0.02650 | 0.02401 | 0.8581 | 0.8668 | tone | 80 | 1025 |  |  | 
 row | 9.0459 | 9.1100 | 0.02371 | 0.8300 | 0.02856 | 0.02648 | 0.02401 | 0.8580 | 0.8667 | idle | 96 | 1025 | spike 96 |  | 
 row | 9.0479 | 9.1120 | 0.02414 | 0.8451 | 0.02856 | 0.02648 | 0.02401 | 0.8582 | 0.8668 | idle | 112 | 1025 |  |  | 
 row | 9.0499 | 9.1140 | 0.02428 | 0.8502 | 0.02855 | 0.02648 | 0.02401 | 0.8583 | 0.8669 | idle | 128 | 1025 |  |  | 
 row | 9.0519 | 9.1160 | 0.02415 | 0.8460 | 0.02855 | 0.02648 | 0.02401 | 0.8584 | 0.8671 | idle | 144 | 1025 |  |  | 
 row | 9.0539 | 9.1180 | 0.02414 | 0.8458 | 0.02855 | 0.02648 | 0.02401 | 0.8586 | 0.8672 | idle | 160 | 1025 |  |  | 
 row | 9.0559 | 9.1200 | 0.02370 | 0.8303 | 0.02855 | 0.02647 | 0.02401 | 0.8585 | 0.8671 | idle | 176 | 1025 |  |  | 
 row | 9.0579 | 9.1220 | 0.02448 | 0.8575 | 0.02854 | 0.02647 | 0.02402 | 0.8586 | 0.8672 | idle | 192 | 1025 |  |  | 
 row | 9.0599 | 9.1240 | 0.02457 | 0.8610 | 0.02854 | 0.02647 | 0.02402 | 0.8587 | 0.8673 | idle | 0 | 1025 | down spike |  | 
 row | 9.0619 | 9.1260 | 0.02401 | 0.8413 | 0.02854 | 0.02646 | 0.02402 | 0.8587 | 0.8672 | idle | 16 | 1025 |  |  | 
 row | 9.0639 | 9.1280 | 0.02249 | 0.7880 | 0.02854 | 0.02644 | 0.02401 | 0.8585 | 0.8670 | idle | 32 | 1025 |  |  | 
 row | 9.0659 | 9.1300 | 0.02207 | 0.7735 | 0.02854 | 0.02642 | 0.02401 | 0.8583 | 0.8667 | idle | 48 | 1025 |  |  | 
 row | 9.0679 | 9.1320 | 0.02137 | 0.7490 | 0.02854 | 0.02639 | 0.02401 | 0.8580 | 0.8664 | idle | 64 | 1025 |  |  | 
 row | 9.0699 | 9.1340 | 0.01951 | 0.6837 | 0.02854 | 0.02636 | 0.02401 | 0.8576 | 0.8659 | idle | 80 | 1025 |  |  | 
 row | 9.0719 | 9.1360 | 0.01830 | 0.6412 | 0.02854 | 0.02632 | 0.02400 | 0.8572 | 0.8653 | idle | 96 | 1025 |  |  | 
 row | 9.0739 | 9.1380 | 0.01897 | 0.6647 | 0.02854 | 0.02628 | 0.02399 | 0.8568 | 0.8648 | idle | 112 | 1025 |  |  | 
 row | 9.0759 | 9.1400 | 0.02023 | 0.7090 | 0.02854 | 0.02625 | 0.02399 | 0.8565 | 0.8644 | idle | 128 | 1025 |  |  | 
 row | 9.0779 | 9.1420 | 0.02215 | 0.7762 | 0.02854 | 0.02623 | 0.02399 | 0.8563 | 0.8641 | idle | 144 | 1025 |  |  | 
 row | 9.0799 | 9.1440 | 0.02203 | 0.7721 | 0.02854 | 0.02621 | 0.02399 | 0.8561 | 0.8639 | idle | 160 | 1025 |  |  | 
 row | 9.0819 | 9.1460 | 0.02208 | 0.7737 | 0.02854 | 0.02619 | 0.02398 | 0.8559 | 0.8636 | idle | 176 | 1025 |  |  | 
 row | 9.0839 | 9.1480 | 0.02282 | 0.7996 | 0.02854 | 0.02617 | 0.02398 | 0.8557 | 0.8634 | idle | 192 | 1025 |  |  | 
 row | 9.0859 | 9.1500 | 0.02253 | 0.7896 | 0.02854 | 0.02615 | 0.02398 | 0.8556 | 0.8632 | idle | 208 | 1025 |  |  | 
 row | 9.0879 | 9.1520 | 0.02188 | 0.7666 | 0.02854 | 0.02613 | 0.02398 | 0.8554 | 0.8629 | idle | 224 | 1025 |  |  | 
 row | 9.0899 | 9.1540 | 0.02043 | 0.7157 | 0.02854 | 0.02610 | 0.02398 | 0.8551 | 0.8625 | idle | 240 | 1025 |  |  | 
 row | 9.0919 | 9.1560 | 0.01967 | 0.6891 | 0.02854 | 0.02607 | 0.02397 | 0.8547 | 0.8621 | idle | 256 | 1025 |  |  | 
 row | 9.0939 | 9.1580 | 0.02054 | 0.7199 | 0.02854 | 0.02604 | 0.02397 | 0.8544 | 0.8617 | idle | 272 | 1025 |  |  | 
 row | 9.0959 | 9.1600 | 0.02106 | 0.7379 | 0.02854 | 0.02602 | 0.02397 | 0.8542 | 0.8614 | idle | 288 | 1025 |  |  | 
 row | 9.0979 | 9.1620 | 0.01921 | 0.6732 | 0.02854 | 0.02598 | 0.02396 | 0.8538 | 0.8609 | idle | 304 | 1025 |  |  | 
 row | 9.0999 | 9.1640 | 0.01878 | 0.6581 | 0.02854 | 0.02595 | 0.02396 | 0.8534 | 0.8604 | idle | 320 | 1025 |  |  | 
 row | 9.1019 | 9.1660 | 0.01896 | 0.6644 | 0.02854 | 0.02591 | 0.02395 | 0.8530 | 0.8599 | idle | 336 | 1025 |  |  | 
 row | 9.1039 | 9.1680 | 0.01780 | 0.6237 | 0.02854 | 0.02587 | 0.02394 | 0.8526 | 0.8593 | idle | 352 | 1025 |  |  | 
 row | 9.1059 | 9.1700 | 0.01778 | 0.6229 | 0.02854 | 0.02583 | 0.02394 | 0.8521 | 0.8587 | idle | 368 | 1025 |  |  | 
 row | 9.1079 | 9.1720 | 0.01750 | 0.6131 | 0.02854 | 0.02579 | 0.02393 | 0.8516 | 0.8581 | idle | 384 | 1025 |  |  | 
 row | 9.1099 | 9.1740 | 0.01573 | 0.5513 | 0.02854 | 0.02574 | 0.02392 | 0.8511 | 0.8574 | idle | 400 | 1025 |  |  | 
 row | 9.1119 | 9.1760 | 0.01616 | 0.5664 | 0.02854 | 0.02569 | 0.02392 | 0.8505 | 0.8567 | idle | 416 | 1025 |  |  | 
 row | 9.1139 | 9.1780 | 0.01800 | 0.6309 | 0.02854 | 0.02565 | 0.02391 | 0.8501 | 0.8562 | idle | 432 | 1025 |  |  | 
 row | 9.1159 | 9.1800 | 0.01761 | 0.6171 | 0.02854 | 0.02561 | 0.02390 | 0.8496 | 0.8556 | idle | 448 | 1025 |  |  | 
 row | 9.1179 | 9.1820 | 0.01792 | 0.6280 | 0.02854 | 0.02557 | 0.02390 | 0.8492 | 0.8550 | idle | 464 | 1025 |  |  | 
 row | 9.1199 | 9.1840 | 0.01990 | 0.6972 | 0.02854 | 0.02555 | 0.02389 | 0.8489 | 0.8546 | idle | 480 | 1025 |  |  | 
 row | 9.1219 | 9.1860 | 0.02217 | 0.7770 | 0.02854 | 0.02553 | 0.02389 | 0.8487 | 0.8544 | idle | 496 | 1025 |  |  | 
 row | 9.1239 | 9.1880 | 0.02180 | 0.7640 | 0.02854 | 0.02551 | 0.02389 | 0.8485 | 0.8542 | idle | 512 | 1025 |  |  | 
 row | 9.1259 | 9.1900 | 0.02160 | 0.7570 | 0.02854 | 0.02549 | 0.02389 | 0.8483 | 0.8539 | idle | 528 | 1025 |  |  | 
 row | 9.1279 | 9.1920 | 0.02242 | 0.7858 | 0.02854 | 0.02548 | 0.02389 | 0.8482 | 0.8537 | idle | 544 | 1025 |  |  | 
 row | 9.1299 | 9.1940 | 0.02420 | 0.8480 | 0.02853 | 0.02548 | 0.02389 | 0.8483 | 0.8539 | idle | 560 | 1025 |  |  | 
 row | 9.1319 | 9.1960 | 0.02312 | 0.8103 | 0.02853 | 0.02546 | 0.02389 | 0.8482 | 0.8537 | idle | 576 | 1025 |  |  | 
 row | 9.1339 | 9.1980 | 0.02216 | 0.7768 | 0.02853 | 0.02545 | 0.02388 | 0.8480 | 0.8535 | idle | 592 | 1025 |  |  | 
 row | 9.1359 | 9.2000 | 0.02259 | 0.7917 | 0.02853 | 0.02543 | 0.02388 | 0.8479 | 0.8533 | idle | 608 | 1025 |  |  | 
 row | 9.1379 | 9.2020 | 0.02229 | 0.7813 | 0.02853 | 0.02542 | 0.02388 | 0.8477 | 0.8531 | idle | 624 | 1025 |  |  | 
 row | 9.1399 | 9.2040 | 0.02298 | 0.8054 | 0.02853 | 0.02540 | 0.02388 | 0.8476 | 0.8530 | idle | 640 | 1025 |  |  | 
 row | 9.1419 | 9.2060 | 0.02405 | 0.8432 | 0.02853 | 0.02540 | 0.02388 | 0.8478 | 0.8531 | idle | 656 | 1025 |  |  | 
 row | 9.1439 | 9.2080 | 0.02331 | 0.8172 | 0.02853 | 0.02539 | 0.02388 | 0.8477 | 0.8530 | idle | 672 | 1025 |  |  | 
 row | 9.1459 | 9.2100 | 0.02149 | 0.7532 | 0.02853 | 0.02537 | 0.02388 | 0.8475 | 0.8527 | idle | 688 | 1025 |  |  | 
 row | 9.1479 | 9.2120 | 0.02182 | 0.7649 | 0.02853 | 0.02536 | 0.02388 | 0.8473 | 0.8525 | idle | 704 | 1025 |  |  | 
 row | 9.1499 | 9.2140 | 0.02100 | 0.7360 | 0.02853 | 0.02534 | 0.02387 | 0.8471 | 0.8522 | idle | 720 | 1025 |  |  | 
 row | 9.1519 | 9.2160 | 0.02148 | 0.7531 | 0.02853 | 0.02532 | 0.02387 | 0.8468 | 0.8519 | idle | 736 | 1025 |  |  | 
 row | 9.1539 | 9.2180 | 0.02326 | 0.8154 | 0.02853 | 0.02531 | 0.02387 | 0.8468 | 0.8518 | idle | 752 | 1025 |  |  | 
 row | 9.1559 | 9.2200 | 0.02502 | 0.8771 | 0.02853 | 0.02531 | 0.02387 | 0.8469 | 0.8519 | tone | 0 | 1025 | down |  | 
 row | 9.1579 | 9.2220 | 0.02573 | 0.9021 | 0.02852 | 0.02531 | 0.02387 | 0.8470 | 0.8521 | tone | 16 | 1025 |  |  | 
 row | 9.1599 | 9.2240 | 0.02467 | 0.8651 | 0.02852 | 0.02531 | 0.02387 | 0.8472 | 0.8522 | tone | 32 | 1025 |  |  | 
 row | 9.1619 | 9.2260 | 0.02302 | 0.8071 | 0.02852 | 0.02529 | 0.02387 | 0.8471 | 0.8520 | idle | 48 | 1025 | spike 48 |  | 
 row | 9.1639 | 9.2280 | 0.02350 | 0.8242 | 0.02852 | 0.02529 | 0.02387 | 0.8470 | 0.8519 | idle | 64 | 1025 |  |  | 
 row | 9.1659 | 9.2300 | 0.02440 | 0.8556 | 0.02851 | 0.02529 | 0.02387 | 0.8471 | 0.8521 | tone | 0 | 1025 | down |  | 
 row | 9.1679 | 9.2320 | 0.02477 | 0.8688 | 0.02851 | 0.02529 | 0.02387 | 0.8473 | 0.8522 | tone | 16 | 1025 |  |  | 
 row | 9.1699 | 9.2340 | 0.02564 | 0.8993 | 0.02851 | 0.02529 | 0.02388 | 0.8474 | 0.8523 | tone | 32 | 1025 |  |  | 
 row | 9.1719 | 9.2360 | 0.02504 | 0.8784 | 0.02850 | 0.02529 | 0.02388 | 0.8475 | 0.8525 | tone | 48 | 1025 |  |  | 
 row | 9.1739 | 9.2380 | 0.02491 | 0.8738 | 0.02850 | 0.02529 | 0.02388 | 0.8477 | 0.8526 | tone | 64 | 1025 |  |  | 
 row | 9.1759 | 9.2400 | 0.02545 | 0.8931 | 0.02850 | 0.02529 | 0.02388 | 0.8478 | 0.8527 | tone | 80 | 1025 |  |  | 
 row | 9.1779 | 9.2420 | 0.02590 | 0.9089 | 0.02850 | 0.02529 | 0.02388 | 0.8479 | 0.8529 | tone | 96 | 1025 |  |  | 
 row | 9.1799 | 9.2440 | 0.02533 | 0.8891 | 0.02849 | 0.02529 | 0.02388 | 0.8481 | 0.8530 | tone | 112 | 1025 |  |  | 
 row | 9.1819 | 9.2460 | 0.02559 | 0.8983 | 0.02849 | 0.02529 | 0.02388 | 0.8482 | 0.8531 | tone | 128 | 1025 |  |  | 
 row | 9.1839 | 9.2480 | 0.02402 | 0.8432 | 0.02848 | 0.02529 | 0.02388 | 0.8483 | 0.8533 | idle | 144 | 1025 | spike 144 |  | 
 row | 9.1859 | 9.2500 | 0.02019 | 0.7090 | 0.02848 | 0.02526 | 0.02388 | 0.8481 | 0.8529 | idle | 160 | 1025 |  |  | 
 row | 9.1879 | 9.2520 | 0.02056 | 0.7216 | 0.02848 | 0.02524 | 0.02388 | 0.8478 | 0.8526 | idle | 176 | 1025 |  |  | 
 row | 9.1899 | 9.2540 | 0.02191 | 0.7690 | 0.02848 | 0.02522 | 0.02388 | 0.8476 | 0.8523 | idle | 192 | 1025 |  |  | 
 row | 9.1919 | 9.2560 | 0.02239 | 0.7859 | 0.02848 | 0.02521 | 0.02387 | 0.8475 | 0.8522 | idle | 208 | 1025 |  |  | 
 row | 9.1939 | 9.2580 | 0.02314 | 0.8124 | 0.02848 | 0.02520 | 0.02387 | 0.8474 | 0.8520 | idle | 224 | 1025 |  |  | 
 row | 9.1959 | 9.2600 | 0.02322 | 0.8152 | 0.02848 | 0.02519 | 0.02387 | 0.8473 | 0.8519 | idle | 240 | 1025 |  |  | 
 row | 9.1979 | 9.2620 | 0.02380 | 0.8357 | 0.02848 | 0.02518 | 0.02387 | 0.8473 | 0.8518 | idle | 256 | 1025 |  |  | 
 row | 9.1999 | 9.2640 | 0.02386 | 0.8375 | 0.02848 | 0.02517 | 0.02387 | 0.8472 | 0.8518 | idle | 272 | 1025 |  |  | 
 row | 9.2019 | 9.2660 | 0.02225 | 0.7810 | 0.02848 | 0.02516 | 0.02387 | 0.8471 | 0.8516 | idle | 288 | 1025 |  |  | 
 row | 9.2039 | 9.2680 | 0.02181 | 0.7656 | 0.02848 | 0.02514 | 0.02387 | 0.8469 | 0.8514 | idle | 304 | 1025 |  |  | 
 row | 9.2059 | 9.2700 | 0.02108 | 0.7401 | 0.02848 | 0.02512 | 0.02387 | 0.8467 | 0.8511 | idle | 320 | 1025 |  |  | 
 row | 9.2079 | 9.2720 | 0.02149 | 0.7543 | 0.02848 | 0.02510 | 0.02386 | 0.8465 | 0.8508 | idle | 336 | 1025 |  |  | 
 row | 9.2099 | 9.2740 | 0.02224 | 0.7807 | 0.02848 | 0.02509 | 0.02386 | 0.8463 | 0.8506 | idle | 352 | 1025 |  |  | 
 row | 9.2119 | 9.2760 | 0.02220 | 0.7793 | 0.02848 | 0.02507 | 0.02386 | 0.8462 | 0.8504 | idle | 368 | 1025 |  |  | 
 row | 9.2139 | 9.2780 | 0.02322 | 0.8152 | 0.02848 | 0.02506 | 0.02386 | 0.8461 | 0.8503 | idle | 384 | 1025 |  |  | 
 row | 9.2159 | 9.2800 | 0.02282 | 0.8012 | 0.02848 | 0.02505 | 0.02386 | 0.8460 | 0.8502 | idle | 400 | 1025 |  |  | 
 row | 9.2179 | 9.2820 | 0.02333 | 0.8191 | 0.02848 | 0.02504 | 0.02386 | 0.8459 | 0.8501 | idle | 416 | 1025 |  |  | 
 row | 9.2199 | 9.2840 | 0.02250 | 0.7899 | 0.02848 | 0.02503 | 0.02386 | 0.8458 | 0.8499 | idle | 432 | 1025 |  |  | 
 row | 9.2219 | 9.2860 | 0.02106 | 0.7394 | 0.02848 | 0.02501 | 0.02385 | 0.8456 | 0.8496 | idle | 448 | 1025 |  |  | 
 row | 9.2239 | 9.2880 | 0.02049 | 0.7195 | 0.02848 | 0.02499 | 0.02385 | 0.8453 | 0.8493 | idle | 464 | 1025 |  |  | 
 row | 9.2259 | 9.2900 | 0.02207 | 0.7748 | 0.02848 | 0.02497 | 0.02385 | 0.8452 | 0.8491 | idle | 480 | 1025 |  |  | 
 row | 9.2279 | 9.2920 | 0.02250 | 0.7900 | 0.02848 | 0.02496 | 0.02385 | 0.8450 | 0.8489 | idle | 496 | 1025 |  |  | 
 row | 9.2299 | 9.2940 | 0.02191 | 0.7691 | 0.02848 | 0.02495 | 0.02385 | 0.8449 | 0.8487 | idle | 512 | 1025 |  |  | 
 row | 9.2319 | 9.2960 | 0.02136 | 0.7499 | 0.02848 | 0.02493 | 0.02384 | 0.8447 | 0.8485 | idle | 528 | 1025 |  |  | 
 row | 9.2339 | 9.2980 | 0.02216 | 0.7781 | 0.02848 | 0.02491 | 0.02384 | 0.8445 | 0.8483 | idle | 544 | 1025 |  |  | 
 row | 9.2359 | 9.3000 | 0.02203 | 0.7734 | 0.02848 | 0.02490 | 0.02384 | 0.8444 | 0.8481 | idle | 560 | 1025 |  |  | 
 row | 9.2379 | 9.3020 | 0.02182 | 0.7661 | 0.02848 | 0.02489 | 0.02384 | 0.8442 | 0.8479 | idle | 576 | 1025 |  |  | 
 row | 9.2399 | 9.3040 | 0.02141 | 0.7516 | 0.02848 | 0.02487 | 0.02384 | 0.8440 | 0.8477 | idle | 592 | 1025 |  |  | 
 row | 9.2419 | 9.3060 | 0.02261 | 0.7938 | 0.02848 | 0.02486 | 0.02383 | 0.8439 | 0.8475 | idle | 608 | 1025 |  |  | 
 row | 9.2439 | 9.3080 | 0.02303 | 0.8085 | 0.02848 | 0.02485 | 0.02383 | 0.8438 | 0.8474 | idle | 624 | 1025 |  |  | 
 row | 9.2459 | 9.3100 | 0.02250 | 0.7898 | 0.02848 | 0.02484 | 0.02383 | 0.8437 | 0.8472 | idle | 640 | 1025 |  |  | 
 row | 9.2479 | 9.3120 | 0.02306 | 0.8097 | 0.02848 | 0.02483 | 0.02383 | 0.8436 | 0.8471 | idle | 656 | 1025 |  |  | 
 row | 9.2499 | 9.3140 | 0.02230 | 0.7829 | 0.02848 | 0.02481 | 0.02383 | 0.8435 | 0.8469 | idle | 672 | 1025 |  |  | 
 row | 9.2519 | 9.3160 | 0.02242 | 0.7872 | 0.02848 | 0.02480 | 0.02383 | 0.8434 | 0.8468 | idle | 688 | 1025 |  |  | 
 row | 9.2539 | 9.3180 | 0.02191 | 0.7692 | 0.02848 | 0.02479 | 0.02383 | 0.8432 | 0.8466 | idle | 704 | 1025 |  |  | 
 row | 9.2559 | 9.3200 | 0.02346 | 0.8236 | 0.02848 | 0.02478 | 0.02383 | 0.8432 | 0.8465 | idle | 720 | 1025 |  |  | 
 row | 9.2579 | 9.3220 | 0.02250 | 0.7900 | 0.02848 | 0.02477 | 0.02382 | 0.8430 | 0.8464 | idle | 736 | 1025 |  |  | 
 row | 9.2599 | 9.3240 | 0.02222 | 0.7800 | 0.02848 | 0.02476 | 0.02382 | 0.8429 | 0.8462 | idle | 752 | 1025 |  |  | 
 row | 9.2619 | 9.3260 | 0.02530 | 0.8882 | 0.02848 | 0.02476 | 0.02382 | 0.8430 | 0.8463 | tone | 0 | 1025 | down |  | 
 row | 9.2639 | 9.3280 | 0.02833 | 0.9947 | 0.02848 | 0.02476 | 0.02383 | 0.8432 | 0.8464 | tone | 16 | 1025 |  |  | 
 row | 9.2659 | 9.3300 | 0.02811 | 0.9871 | 0.02848 | 0.02476 | 0.02383 | 0.8433 | 0.8465 | tone | 32 | 1025 |  |  | 
 row | 9.2679 | 9.3320 | 0.02990 | 1.0494 | 0.02849 | 0.02476 | 0.02384 | 0.8433 | 0.8465 | tone | 48 | 1025 |  |  | 
 row | 9.2699 | 9.3340 | 0.03086 | 1.0826 | 0.02850 | 0.02476 | 0.02385 | 0.8431 | 0.8463 | tone | 64 | 1025 |  |  | 
 row | 9.2719 | 9.3360 | 0.03047 | 1.0688 | 0.02851 | 0.02476 | 0.02385 | 0.8430 | 0.8462 | tone | 80 | 1025 |  |  | 
 row | 9.2739 | 9.3380 | 0.02810 | 0.9856 | 0.02851 | 0.02476 | 0.02386 | 0.8431 | 0.8463 | tone | 96 | 1025 |  |  | 
 row | 9.2759 | 9.3400 | 0.02906 | 1.0192 | 0.02851 | 0.02476 | 0.02386 | 0.8432 | 0.8463 | tone | 112 | 1025 |  |  | 
 row | 9.2779 | 9.3420 | 0.02919 | 1.0235 | 0.02852 | 0.02476 | 0.02387 | 0.8433 | 0.8464 | tone | 128 | 1025 |  |  | 
 row | 9.2799 | 9.3440 | 0.02790 | 0.9785 | 0.02851 | 0.02476 | 0.02387 | 0.8434 | 0.8465 | tone | 144 | 1025 |  |  | 
 row | 9.2819 | 9.3460 | 0.02818 | 0.9882 | 0.02851 | 0.02476 | 0.02388 | 0.8435 | 0.8466 | tone | 160 | 1025 |  |  | 
 row | 9.2839 | 9.3480 | 0.02662 | 0.9337 | 0.02851 | 0.02476 | 0.02388 | 0.8436 | 0.8467 | tone | 176 | 1025 |  |  | 
 row | 9.2859 | 9.3500 | 0.02763 | 0.9691 | 0.02851 | 0.02476 | 0.02388 | 0.8438 | 0.8468 | tone | 192 | 1025 |  |  | 
 row | 9.2879 | 9.3520 | 0.02777 | 0.9741 | 0.02851 | 0.02476 | 0.02389 | 0.8439 | 0.8470 | tone | 208 | 1025 |  |  | 
 row | 9.2899 | 9.3540 | 0.02715 | 0.9525 | 0.02851 | 0.02476 | 0.02389 | 0.8440 | 0.8471 | tone | 224 | 1025 |  |  | 
 row | 9.2919 | 9.3560 | 0.02651 | 0.9298 | 0.02851 | 0.02476 | 0.02389 | 0.8442 | 0.8472 | tone | 240 | 1025 |  |  | 
 row | 9.2939 | 9.3580 | 0.02483 | 0.8712 | 0.02850 | 0.02476 | 0.02389 | 0.8443 | 0.8473 | tone | 256 | 1025 |  |  | 
 row | 9.2959 | 9.3600 | 0.02395 | 0.8405 | 0.02850 | 0.02476 | 0.02389 | 0.8444 | 0.8475 | after | 272 | 985 | up 272 |  | .
 row | 9.2979 | 9.3620 | 0.02419 | 0.8488 | 0.02850 | 0.02476 | 0.02389 | 0.8446 | 0.8476 | tone | 288 | 985 | down |  | .
 row | 9.2999 | 9.3640 | 0.02290 | 0.8037 | 0.02850 | 0.02475 | 0.02389 | 0.8445 | 0.8475 | idle | 304 | 985 | spike 16 |  | .
 row | 9.3019 | 9.3660 | 0.02111 | 0.7408 | 0.02850 | 0.02473 | 0.02389 | 0.8443 | 0.8472 | idle | 320 | 985 |  |  | .
 row | 9.3039 | 9.3680 | 0.02246 | 0.7883 | 0.02850 | 0.02472 | 0.02389 | 0.8442 | 0.8471 | idle | 336 | 985 |  |  | .
 row | 9.3059 | 9.3700 | 0.02282 | 0.8008 | 0.02850 | 0.02471 | 0.02389 | 0.8441 | 0.8469 | idle | 352 | 985 |  |  | .
 row | 9.3079 | 9.3720 | 0.02185 | 0.7667 | 0.02850 | 0.02469 | 0.02389 | 0.8439 | 0.8467 | idle | 368 | 985 |  |  | .
 row | 9.3099 | 9.3740 | 0.02126 | 0.7460 | 0.02850 | 0.02468 | 0.02388 | 0.8437 | 0.8465 | idle | 384 | 985 |  |  | .
 row | 9.3119 | 9.3760 | 0.02175 | 0.7634 | 0.02850 | 0.02466 | 0.02388 | 0.8436 | 0.8463 | idle | 400 | 985 |  |  | .
 row | 9.3139 | 9.3780 | 0.02242 | 0.7868 | 0.02850 | 0.02465 | 0.02388 | 0.8434 | 0.8461 | idle | 416 | 985 |  |  | .
 row | 9.3159 | 9.3800 | 0.02409 | 0.8456 | 0.02849 | 0.02465 | 0.02388 | 0.8436 | 0.8463 | idle | 0 | 985 | down spike |  | 
 row | 9.3179 | 9.3820 | 0.02346 | 0.8233 | 0.02849 | 0.02465 | 0.02388 | 0.8435 | 0.8462 | idle | 16 | 985 |  |  | 
 row | 9.3199 | 9.3840 | 0.02136 | 0.7498 | 0.02849 | 0.02463 | 0.02388 | 0.8433 | 0.8460 | idle | 32 | 985 |  |  | 
 row | 9.3219 | 9.3860 | 0.02222 | 0.7798 | 0.02849 | 0.02462 | 0.02387 | 0.8432 | 0.8458 | idle | 48 | 985 |  |  | 
 row | 9.3239 | 9.3880 | 0.02358 | 0.8276 | 0.02849 | 0.02461 | 0.02387 | 0.8432 | 0.8457 | idle | 64 | 985 |  |  | 
 row | 9.3259 | 9.3900 | 0.02344 | 0.8227 | 0.02849 | 0.02461 | 0.02387 | 0.8431 | 0.8457 | idle | 80 | 985 |  |  | 
 row | 9.3279 | 9.3920 | 0.02339 | 0.8210 | 0.02849 | 0.02460 | 0.02387 | 0.8430 | 0.8456 | idle | 96 | 985 |  |  | 
 row | 9.3299 | 9.3940 | 0.02392 | 0.8398 | 0.02849 | 0.02460 | 0.02387 | 0.8432 | 0.8457 | idle | 112 | 985 |  |  | 
 row | 9.3319 | 9.3960 | 0.02294 | 0.8054 | 0.02849 | 0.02459 | 0.02387 | 0.8431 | 0.8456 | idle | 128 | 985 |  |  | 
 row | 9.3339 | 9.3980 | 0.02312 | 0.8118 | 0.02849 | 0.02458 | 0.02387 | 0.8430 | 0.8455 | idle | 144 | 985 |  |  | 
 row | 9.3359 | 9.4000 | 0.02145 | 0.7532 | 0.02849 | 0.02457 | 0.02387 | 0.8428 | 0.8453 | idle | 160 | 985 |  |  | 
 row | 9.3379 | 9.4020 | 0.02141 | 0.7517 | 0.02849 | 0.02455 | 0.02387 | 0.8427 | 0.8451 | idle | 176 | 985 |  |  | 
 row | 9.3399 | 9.4040 | 0.02166 | 0.7602 | 0.02849 | 0.02454 | 0.02386 | 0.8425 | 0.8449 | idle | 192 | 985 |  |  | 
 row | 9.3419 | 9.4060 | 0.02149 | 0.7545 | 0.02849 | 0.02452 | 0.02386 | 0.8423 | 0.8446 | idle | 208 | 985 |  |  | 
 row | 9.3439 | 9.4080 | 0.02219 | 0.7789 | 0.02849 | 0.02451 | 0.02386 | 0.8422 | 0.8445 | idle | 224 | 985 |  |  | 
 row | 9.3459 | 9.4100 | 0.02226 | 0.7813 | 0.02849 | 0.02450 | 0.02386 | 0.8421 | 0.8443 | idle | 240 | 985 |  |  | 
 row | 9.3479 | 9.4120 | 0.02149 | 0.7543 | 0.02849 | 0.02448 | 0.02386 | 0.8419 | 0.8441 | idle | 256 | 985 |  |  | 
 row | 9.3499 | 9.4140 | 0.02206 | 0.7745 | 0.02849 | 0.02447 | 0.02386 | 0.8418 | 0.8439 | idle | 272 | 985 |  |  | 
 row | 9.3519 | 9.4160 | 0.02353 | 0.8258 | 0.02849 | 0.02447 | 0.02385 | 0.8417 | 0.8439 | idle | 288 | 985 |  |  | 
 row | 9.3539 | 9.4180 | 0.02322 | 0.8150 | 0.02849 | 0.02446 | 0.02385 | 0.8417 | 0.8438 | idle | 304 | 985 |  |  | 
 row | 9.3559 | 9.4200 | 0.02282 | 0.8009 | 0.02849 | 0.02445 | 0.02385 | 0.8416 | 0.8437 | idle | 320 | 985 |  |  | 
 row | 9.3579 | 9.4220 | 0.02151 | 0.7552 | 0.02849 | 0.02444 | 0.02385 | 0.8414 | 0.8435 | idle | 336 | 985 |  |  | 
 row | 9.3599 | 9.4240 | 0.02043 | 0.7173 | 0.02849 | 0.02442 | 0.02385 | 0.8412 | 0.8432 | idle | 352 | 985 |  |  | 
 row | 9.3619 | 9.4260 | 0.02093 | 0.7348 | 0.02849 | 0.02440 | 0.02384 | 0.8410 | 0.8429 | idle | 368 | 985 |  |  | 
 row | 9.3639 | 9.4280 | 0.02145 | 0.7529 | 0.02849 | 0.02439 | 0.02384 | 0.8408 | 0.8427 | idle | 384 | 985 |  |  | 
 row | 9.3659 | 9.4300 | 0.02114 | 0.7420 | 0.02849 | 0.02437 | 0.02384 | 0.8406 | 0.8425 | idle | 400 | 985 |  |  | 
 row | 9.3679 | 9.4320 | 0.02148 | 0.7539 | 0.02849 | 0.02436 | 0.02384 | 0.8404 | 0.8423 | idle | 416 | 985 |  |  | 
 row | 9.3699 | 9.4340 | 0.02155 | 0.7565 | 0.02849 | 0.02434 | 0.02383 | 0.8403 | 0.8421 | idle | 432 | 985 |  |  | 
 row | 9.3719 | 9.4360 | 0.02148 | 0.7542 | 0.02849 | 0.02433 | 0.02383 | 0.8401 | 0.8418 | idle | 448 | 985 |  |  | 
 row | 9.3739 | 9.4380 | 0.02210 | 0.7759 | 0.02849 | 0.02432 | 0.02383 | 0.8400 | 0.8417 | idle | 464 | 985 |  |  | 
 row | 9.3759 | 9.4400 | 0.02128 | 0.7469 | 0.02849 | 0.02430 | 0.02383 | 0.8398 | 0.8415 | idle | 480 | 985 |  |  | 
 row | 9.3779 | 9.4420 | 0.02155 | 0.7565 | 0.02849 | 0.02429 | 0.02383 | 0.8396 | 0.8413 | idle | 496 | 985 |  |  | 
 row | 9.3799 | 9.4440 | 0.02195 | 0.7706 | 0.02849 | 0.02428 | 0.02382 | 0.8395 | 0.8411 | idle | 512 | 985 |  |  | 
 row | 9.3819 | 9.4460 | 0.02103 | 0.7383 | 0.02849 | 0.02426 | 0.02382 | 0.8393 | 0.8409 | idle | 528 | 985 |  |  | 
 row | 9.3839 | 9.4480 | 0.02105 | 0.7388 | 0.02849 | 0.02424 | 0.02382 | 0.8391 | 0.8406 | idle | 544 | 985 |  |  | 
 row | 9.3859 | 9.4500 | 0.02260 | 0.7935 | 0.02849 | 0.02424 | 0.02382 | 0.8390 | 0.8405 | idle | 560 | 985 |  |  | 
 row | 9.3879 | 9.4520 | 0.02428 | 0.8524 | 0.02848 | 0.02424 | 0.02382 | 0.8392 | 0.8406 | tone | 0 | 985 | down |  | 
 row | 9.3899 | 9.4540 | 0.02496 | 0.8766 | 0.02848 | 0.02424 | 0.02382 | 0.8393 | 0.8408 | tone | 16 | 985 |  |  | 
 row | 9.3919 | 9.4560 | 0.02426 | 0.8519 | 0.02847 | 0.02424 | 0.02382 | 0.8394 | 0.8409 | tone | 32 | 985 |  |  | 
 row | 9.3939 | 9.4580 | 0.02234 | 0.7844 | 0.02847 | 0.02423 | 0.02382 | 0.8393 | 0.8408 | idle | 48 | 985 | spike 48 |  | 
 row | 9.3959 | 9.4600 | 0.02266 | 0.7959 | 0.02847 | 0.02422 | 0.02382 | 0.8392 | 0.8407 | idle | 64 | 985 |  |  | 
 row | 9.3979 | 9.4620 | 0.02526 | 0.8872 | 0.02847 | 0.02422 | 0.02382 | 0.8394 | 0.8408 | tone | 0 | 985 | down |  | 
 row | 9.3999 | 9.4640 | 0.02644 | 0.9286 | 0.02847 | 0.02422 | 0.02382 | 0.8395 | 0.8409 | tone | 16 | 985 |  |  | 
 row | 9.4019 | 9.4660 | 0.02569 | 0.9024 | 0.02847 | 0.02422 | 0.02382 | 0.8396 | 0.8410 | tone | 32 | 985 |  |  | 
 row | 9.4039 | 9.4680 | 0.02528 | 0.8882 | 0.02846 | 0.02422 | 0.02382 | 0.8398 | 0.8412 | tone | 48 | 985 |  |  | 
 row | 9.4059 | 9.4700 | 0.02463 | 0.8654 | 0.02846 | 0.02422 | 0.02382 | 0.8399 | 0.8413 | tone | 64 | 985 |  |  | 
 row | 9.4079 | 9.4720 | 0.02544 | 0.8939 | 0.02846 | 0.02422 | 0.02383 | 0.8401 | 0.8414 | tone | 80 | 985 |  |  | 
 row | 9.4099 | 9.4740 | 0.02495 | 0.8768 | 0.02845 | 0.02422 | 0.02383 | 0.8402 | 0.8416 | tone | 96 | 985 |  |  | 
 row | 9.4119 | 9.4760 | 0.02441 | 0.8579 | 0.02845 | 0.02422 | 0.02383 | 0.8403 | 0.8417 | tone | 112 | 985 |  |  | 
 row | 9.4139 | 9.4780 | 0.02560 | 0.9000 | 0.02845 | 0.02422 | 0.02383 | 0.8405 | 0.8418 | tone | 128 | 985 |  |  | 
 row | 9.4159 | 9.4800 | 0.02636 | 0.9268 | 0.02844 | 0.02422 | 0.02383 | 0.8406 | 0.8419 | tone | 144 | 985 |  |  | 
 row | 9.4179 | 9.4820 | 0.02454 | 0.8627 | 0.02844 | 0.02422 | 0.02383 | 0.8407 | 0.8421 | tone | 160 | 985 |  |  | 
 row | 9.4199 | 9.4840 | 0.02262 | 0.7954 | 0.02844 | 0.02421 | 0.02383 | 0.8406 | 0.8420 | idle | 176 | 985 | spike 176 |  | 
 row | 9.4219 | 9.4860 | 0.02142 | 0.7532 | 0.02844 | 0.02420 | 0.02383 | 0.8405 | 0.8418 | idle | 192 | 985 |  |  | 
 row | 9.4239 | 9.4880 | 0.02189 | 0.7698 | 0.02844 | 0.02418 | 0.02383 | 0.8403 | 0.8416 | idle | 208 | 985 |  |  | 
 row | 9.4259 | 9.4900 | 0.02206 | 0.7758 | 0.02844 | 0.02417 | 0.02383 | 0.8402 | 0.8414 | idle | 224 | 985 |  |  | 
 row | 9.4279 | 9.4920 | 0.02105 | 0.7400 | 0.02844 | 0.02416 | 0.02382 | 0.8400 | 0.8412 | idle | 240 | 985 |  |  | 
 row | 9.4299 | 9.4940 | 0.01936 | 0.6809 | 0.02844 | 0.02413 | 0.02382 | 0.8397 | 0.8408 | idle | 256 | 985 |  |  | 
 row | 9.4319 | 9.4960 | 0.01927 | 0.6776 | 0.02844 | 0.02411 | 0.02381 | 0.8394 | 0.8405 | idle | 272 | 985 |  |  | 
 row | 9.4339 | 9.4980 | 0.02075 | 0.7297 | 0.02844 | 0.02409 | 0.02381 | 0.8392 | 0.8402 | idle | 288 | 985 |  |  | 
 row | 9.4359 | 9.5000 | 0.02151 | 0.7562 | 0.02844 | 0.02408 | 0.02381 | 0.8391 | 0.8400 | idle | 304 | 985 |  |  | 
 row | 9.4379 | 9.5020 | 0.02361 | 0.8301 | 0.02844 | 0.02408 | 0.02381 | 0.8390 | 0.8400 | idle | 320 | 985 |  |  | 
 row | 9.4399 | 9.5040 | 0.02326 | 0.8177 | 0.02844 | 0.02407 | 0.02381 | 0.8390 | 0.8399 | idle | 336 | 985 |  |  | 
 row | 9.4419 | 9.5060 | 0.02250 | 0.7911 | 0.02844 | 0.02407 | 0.02381 | 0.8389 | 0.8398 | idle | 352 | 985 |  |  | 
 row | 9.4439 | 9.5080 | 0.02365 | 0.8316 | 0.02844 | 0.02406 | 0.02381 | 0.8389 | 0.8398 | idle | 368 | 985 |  |  | 
 row | 9.4459 | 9.5100 | 0.02343 | 0.8237 | 0.02844 | 0.02406 | 0.02381 | 0.8389 | 0.8398 | idle | 384 | 985 |  |  | 
 row | 9.4479 | 9.5120 | 0.02196 | 0.7721 | 0.02844 | 0.02405 | 0.02380 | 0.8387 | 0.8396 | idle | 400 | 985 |  |  | 
 row | 9.4499 | 9.5140 | 0.02199 | 0.7733 | 0.02844 | 0.02404 | 0.02380 | 0.8386 | 0.8394 | idle | 416 | 985 |  |  | 
 row | 9.4519 | 9.5160 | 0.02327 | 0.8182 | 0.02844 | 0.02404 | 0.02380 | 0.8386 | 0.8394 | idle | 432 | 985 |  |  | 
 row | 9.4539 | 9.5180 | 0.02602 | 0.9151 | 0.02844 | 0.02404 | 0.02380 | 0.8387 | 0.8395 | tone | 0 | 985 | down |  | 
 row | 9.4559 | 9.5200 | 0.02707 | 0.9521 | 0.02844 | 0.02404 | 0.02381 | 0.8388 | 0.8396 | tone | 16 | 985 |  |  | 
 row | 9.4579 | 9.5220 | 0.02684 | 0.9438 | 0.02843 | 0.02404 | 0.02381 | 0.8390 | 0.8398 | tone | 32 | 985 |  |  | 
 row | 9.4599 | 9.5240 | 0.02748 | 0.9664 | 0.02843 | 0.02404 | 0.02381 | 0.8391 | 0.8399 | tone | 48 | 985 |  |  | 
 row | 9.4619 | 9.5260 | 0.02805 | 0.9864 | 0.02843 | 0.02404 | 0.02382 | 0.8392 | 0.8400 | tone | 64 | 985 |  |  | 
 row | 9.4639 | 9.5280 | 0.02781 | 0.9782 | 0.02843 | 0.02404 | 0.02382 | 0.8394 | 0.8401 | tone | 80 | 985 |  |  | 
 row | 9.4659 | 9.5300 | 0.02674 | 0.9405 | 0.02843 | 0.02404 | 0.02383 | 0.8395 | 0.8402 | tone | 96 | 985 |  |  | 
 row | 9.4679 | 9.5320 | 0.02557 | 0.8994 | 0.02843 | 0.02404 | 0.02383 | 0.8396 | 0.8404 | tone | 112 | 985 |  |  | 
 row | 9.4699 | 9.5340 | 0.02406 | 0.8463 | 0.02842 | 0.02404 | 0.02383 | 0.8398 | 0.8405 | tone | 128 | 985 |  |  | 
 row | 9.4719 | 9.5360 | 0.02462 | 0.8661 | 0.02842 | 0.02404 | 0.02383 | 0.8399 | 0.8406 | tone | 144 | 985 |  |  | 
 row | 9.4739 | 9.5380 | 0.02614 | 0.9200 | 0.02842 | 0.02404 | 0.02383 | 0.8400 | 0.8408 | tone | 160 | 985 |  |  | 
 row | 9.4759 | 9.5400 | 0.02504 | 0.8811 | 0.02841 | 0.02404 | 0.02383 | 0.8402 | 0.8409 | tone | 176 | 985 |  |  | 
 row | 9.4779 | 9.5420 | 0.02437 | 0.8579 | 0.02841 | 0.02404 | 0.02383 | 0.8403 | 0.8410 | tone | 192 | 985 |  |  | 
 row | 9.4799 | 9.5440 | 0.02466 | 0.8681 | 0.02841 | 0.02404 | 0.02383 | 0.8404 | 0.8411 | tone | 208 | 985 |  |  | 
 row | 9.4819 | 9.5460 | 0.02324 | 0.8182 | 0.02841 | 0.02403 | 0.02383 | 0.8404 | 0.8411 | idle | 224 | 985 | spike 224 |  | 
 row | 9.4839 | 9.5480 | 0.02196 | 0.7730 | 0.02841 | 0.02402 | 0.02383 | 0.8403 | 0.8409 | idle | 240 | 985 |  |  | 
 row | 9.4859 | 9.5500 | 0.02008 | 0.7069 | 0.02841 | 0.02400 | 0.02383 | 0.8400 | 0.8406 | idle | 256 | 985 |  |  | 
 row | 9.4879 | 9.5520 | 0.01799 | 0.6333 | 0.02841 | 0.02397 | 0.02382 | 0.8396 | 0.8402 | idle | 272 | 985 |  |  | 
 row | 9.4899 | 9.5540 | 0.01995 | 0.7024 | 0.02841 | 0.02395 | 0.02382 | 0.8394 | 0.8399 | idle | 288 | 985 |  |  | 
 row | 9.4919 | 9.5560 | 0.02025 | 0.7127 | 0.02841 | 0.02393 | 0.02381 | 0.8392 | 0.8396 | idle | 304 | 985 |  |  | 
 row | 9.4939 | 9.5580 | 0.01993 | 0.7016 | 0.02841 | 0.02391 | 0.02381 | 0.8389 | 0.8393 | idle | 320 | 985 |  |  | 
 row | 9.4959 | 9.5600 | 0.01955 | 0.6884 | 0.02841 | 0.02389 | 0.02381 | 0.8386 | 0.8389 | idle | 336 | 985 |  |  | 
 row | 9.4979 | 9.5620 | 0.01962 | 0.6906 | 0.02841 | 0.02387 | 0.02380 | 0.8384 | 0.8386 | idle | 352 | 985 |  |  | 
 row | 9.4999 | 9.5640 | 0.02112 | 0.7436 | 0.02841 | 0.02386 | 0.02380 | 0.8382 | 0.8384 | idle | 368 | 985 |  |  | 
 row | 9.5019 | 9.5660 | 0.02097 | 0.7383 | 0.02841 | 0.02384 | 0.02380 | 0.8380 | 0.8382 | idle | 384 | 985 |  |  | 
 row | 9.5039 | 9.5680 | 0.02006 | 0.7061 | 0.02841 | 0.02382 | 0.02379 | 0.8378 | 0.8379 | idle | 400 | 985 |  |  | 
 row | 9.5059 | 9.5700 | 0.01833 | 0.6453 | 0.02841 | 0.02380 | 0.02379 | 0.8374 | 0.8375 | idle | 416 | 985 |  |  | 
 row | 9.5079 | 9.5720 | 0.01862 | 0.6555 | 0.02841 | 0.02377 | 0.02378 | 0.8371 | 0.8371 | idle | 432 | 985 |  |  | 
 row | 9.5099 | 9.5740 | 0.01842 | 0.6484 | 0.02841 | 0.02374 | 0.02378 | 0.8368 | 0.8366 | idle | 448 | 985 |  |  | 
 row | 9.5119 | 9.5760 | 0.01906 | 0.6711 | 0.02841 | 0.02372 | 0.02377 | 0.8365 | 0.8363 | idle | 464 | 985 |  |  | 
 row | 9.5139 | 9.5780 | 0.01946 | 0.6850 | 0.02841 | 0.02370 | 0.02377 | 0.8362 | 0.8359 | idle | 480 | 985 |  |  | 
 row | 9.5159 | 9.5800 | 0.01920 | 0.6759 | 0.02841 | 0.02368 | 0.02376 | 0.8359 | 0.8356 | idle | 496 | 985 |  |  | 
 row | 9.5179 | 9.5820 | 0.01863 | 0.6557 | 0.02841 | 0.02365 | 0.02376 | 0.8356 | 0.8352 | idle | 512 | 985 |  |  | 
 row | 9.5199 | 9.5840 | 0.01919 | 0.6756 | 0.02841 | 0.02363 | 0.02375 | 0.8353 | 0.8349 | idle | 528 | 985 |  |  | 
 row | 9.5219 | 9.5860 | 0.01747 | 0.6150 | 0.02841 | 0.02360 | 0.02375 | 0.8349 | 0.8344 | idle | 544 | 985 |  |  | 
 row | 9.5239 | 9.5880 | 0.01643 | 0.5785 | 0.02841 | 0.02356 | 0.02374 | 0.8344 | 0.8338 | idle | 560 | 985 |  |  | 
 row | 9.5259 | 9.5900 | 0.01579 | 0.5560 | 0.02841 | 0.02352 | 0.02373 | 0.8339 | 0.8332 | idle | 576 | 985 |  |  | 
 row | 9.5279 | 9.5920 | 0.01528 | 0.5380 | 0.02841 | 0.02348 | 0.02372 | 0.8334 | 0.8326 | idle | 592 | 985 |  |  | 
 row | 9.5299 | 9.5940 | 0.01571 | 0.5531 | 0.02841 | 0.02344 | 0.02371 | 0.8329 | 0.8320 | idle | 608 | 985 |  |  | 
 row | 9.5319 | 9.5960 | 0.01475 | 0.5193 | 0.02841 | 0.02340 | 0.02371 | 0.8324 | 0.8313 | idle | 624 | 985 |  |  | 
 row | 9.5339 | 9.5980 | 0.01547 | 0.5445 | 0.02841 | 0.02336 | 0.02370 | 0.8318 | 0.8307 | idle | 640 | 985 |  |  | 
 row | 9.5359 | 9.6000 | 0.01582 | 0.5569 | 0.02841 | 0.02332 | 0.02369 | 0.8314 | 0.8301 | idle | 656 | 985 |  |  | 
 row | 9.5379 | 9.6020 | 0.01924 | 0.6773 | 0.02841 | 0.02330 | 0.02368 | 0.8311 | 0.8297 | idle | 672 | 985 |  |  | 
 row | 9.5399 | 9.6040 | 0.02085 | 0.7341 | 0.02841 | 0.02329 | 0.02368 | 0.8309 | 0.8295 | idle | 688 | 985 |  |  | 
 row | 9.5419 | 9.6060 | 0.02049 | 0.7214 | 0.02841 | 0.02328 | 0.02368 | 0.8307 | 0.8293 | idle | 704 | 985 |  |  | 
 row | 9.5439 | 9.6080 | 0.01942 | 0.6838 | 0.02841 | 0.02326 | 0.02367 | 0.8305 | 0.8290 | idle | 720 | 985 |  |  | 
 row | 9.5459 | 9.6100 | 0.01966 | 0.6921 | 0.02841 | 0.02324 | 0.02367 | 0.8302 | 0.8287 | idle | 736 | 985 |  |  | 
 row | 9.5479 | 9.6120 | 0.02008 | 0.7069 | 0.02841 | 0.02322 | 0.02367 | 0.8300 | 0.8285 | idle | 752 | 985 |  |  | 
 row | 9.5499 | 9.6140 | 0.02056 | 0.7236 | 0.02841 | 0.02321 | 0.02366 | 0.8298 | 0.8282 | idle | 768 | 985 |  |  | 
 row | 9.5519 | 9.6160 | 0.02082 | 0.7329 | 0.02841 | 0.02320 | 0.02366 | 0.8297 | 0.8281 | idle | 784 | 985 |  |  | 
 row | 9.5539 | 9.6180 | 0.02126 | 0.7486 | 0.02841 | 0.02319 | 0.02366 | 0.8295 | 0.8279 | idle | 800 | 985 |  |  | 
 row | 9.5559 | 9.6200 | 0.02105 | 0.7409 | 0.02841 | 0.02318 | 0.02366 | 0.8294 | 0.8277 | idle | 816 | 985 |  |  | 
 row | 9.5579 | 9.6220 | 0.02084 | 0.7335 | 0.02841 | 0.02316 | 0.02365 | 0.8292 | 0.8275 | idle | 832 | 985 |  |  | 
 row | 9.5599 | 9.6240 | 0.02109 | 0.7424 | 0.02841 | 0.02315 | 0.02365 | 0.8291 | 0.8273 | idle | 848 | 985 |  |  | 
 row | 9.5619 | 9.6260 | 0.02167 | 0.7629 | 0.02841 | 0.02315 | 0.02365 | 0.8290 | 0.8272 | idle | 864 | 985 |  |  | 
 row | 9.5639 | 9.6280 | 0.02351 | 0.8277 | 0.02841 | 0.02315 | 0.02365 | 0.8290 | 0.8272 | idle | 880 | 985 |  |  | 
 row | 9.5659 | 9.6300 | 0.02572 | 0.9057 | 0.02840 | 0.02315 | 0.02365 | 0.8291 | 0.8273 | tone | 0 | 985 | down |  | 
 row | 9.5679 | 9.6320 | 0.02711 | 0.9545 | 0.02840 | 0.02315 | 0.02365 | 0.8293 | 0.8275 | tone | 16 | 985 |  |  | 
 row | 9.5699 | 9.6340 | 0.02461 | 0.8668 | 0.02840 | 0.02315 | 0.02365 | 0.8294 | 0.8276 | tone | 32 | 985 |  |  | 
 row | 9.5719 | 9.6360 | 0.02399 | 0.8448 | 0.02839 | 0.02315 | 0.02366 | 0.8295 | 0.8277 | tone | 48 | 985 |  |  | 
 row | 9.5739 | 9.6380 | 0.02483 | 0.8746 | 0.02839 | 0.02315 | 0.02366 | 0.8297 | 0.8279 | tone | 64 | 985 |  |  | 
 row | 9.5759 | 9.6400 | 0.02430 | 0.8562 | 0.02839 | 0.02315 | 0.02366 | 0.8298 | 0.8280 | tone | 80 | 985 |  |  | 
 row | 9.5779 | 9.6420 | 0.02456 | 0.8653 | 0.02838 | 0.02315 | 0.02366 | 0.8299 | 0.8281 | tone | 96 | 985 |  |  | 
 row | 9.5799 | 9.6440 | 0.02514 | 0.8858 | 0.02838 | 0.02315 | 0.02366 | 0.8301 | 0.8283 | tone | 112 | 985 |  |  | 
 row | 9.5819 | 9.6460 | 0.02502 | 0.8816 | 0.02838 | 0.02315 | 0.02366 | 0.8302 | 0.8284 | tone | 128 | 985 |  |  | 
 row | 9.5839 | 9.6480 | 0.02608 | 0.9190 | 0.02837 | 0.02315 | 0.02366 | 0.8304 | 0.8285 | tone | 144 | 985 |  |  | 
 row | 9.5859 | 9.6500 | 0.02665 | 0.9394 | 0.02837 | 0.02315 | 0.02367 | 0.8305 | 0.8287 | tone | 160 | 985 |  |  | 
 row | 9.5879 | 9.6520 | 0.02818 | 0.9934 | 0.02837 | 0.02315 | 0.02367 | 0.8306 | 0.8288 | tone | 176 | 985 |  |  | 
 row | 9.5899 | 9.6540 | 0.02846 | 1.0030 | 0.02837 | 0.02315 | 0.02368 | 0.8307 | 0.8289 | tone | 192 | 985 |  |  | 
 row | 9.5919 | 9.6560 | 0.02769 | 0.9758 | 0.02837 | 0.02315 | 0.02368 | 0.8309 | 0.8290 | tone | 208 | 985 |  |  | 
 row | 9.5939 | 9.6580 | 0.02641 | 0.9309 | 0.02837 | 0.02315 | 0.02368 | 0.8310 | 0.8291 | tone | 224 | 985 |  |  | 
 row | 9.5959 | 9.6600 | 0.02399 | 0.8458 | 0.02837 | 0.02315 | 0.02368 | 0.8311 | 0.8293 | tone | 240 | 985 |  |  | 
 row | 9.5979 | 9.6620 | 0.02119 | 0.7471 | 0.02837 | 0.02314 | 0.02368 | 0.8310 | 0.8291 | after | 256 | 985 | up 256 |  | .
 row | 9.5999 | 9.6640 | 0.01967 | 0.6935 | 0.02837 | 0.02312 | 0.02368 | 0.8308 | 0.8288 | after | 272 | 985 |  |  | .
 row | 9.6019 | 9.6660 | 0.02036 | 0.7176 | 0.02837 | 0.02311 | 0.02367 | 0.8306 | 0.8286 | after | 288 | 985 |  |  | .
 row | 9.6039 | 9.6680 | 0.01995 | 0.7035 | 0.02837 | 0.02309 | 0.02367 | 0.8304 | 0.8283 | after | 304 | 985 |  |  | .
 row | 9.6059 | 9.6700 | 0.02001 | 0.7055 | 0.02837 | 0.02308 | 0.02367 | 0.8302 | 0.8281 | after | 320 | 985 |  |  | .
 row | 9.6079 | 9.6720 | 0.01992 | 0.7024 | 0.02837 | 0.02306 | 0.02366 | 0.8299 | 0.8278 | after | 336 | 985 |  |  | .
 row | 9.6099 | 9.6740 | 0.02071 | 0.7301 | 0.02837 | 0.02305 | 0.02366 | 0.8298 | 0.8276 | after | 352 | 985 |  |  | .
 row | 9.6119 | 9.6760 | 0.02079 | 0.7329 | 0.02837 | 0.02304 | 0.02366 | 0.8296 | 0.8274 | after | 368 | 985 |  |  | .
 row | 9.6139 | 9.6780 | 0.02098 | 0.7397 | 0.02837 | 0.02303 | 0.02365 | 0.8295 | 0.8273 | after | 384 | 985 |  |  | .
 row | 9.6159 | 9.6800 | 0.01961 | 0.6913 | 0.02837 | 0.02301 | 0.02365 | 0.8292 | 0.8270 | after | 400 | 985 |  |  | .
 row | 9.6179 | 9.6820 | 0.02089 | 0.7364 | 0.02837 | 0.02300 | 0.02365 | 0.8291 | 0.8268 | after | 416 | 985 |  |  | .
 row | 9.6199 | 9.6840 | 0.02021 | 0.7125 | 0.02837 | 0.02298 | 0.02364 | 0.8289 | 0.8266 | after | 432 | 985 |  |  | .
 row | 9.6219 | 9.6860 | 0.02075 | 0.7314 | 0.02837 | 0.02297 | 0.02364 | 0.8287 | 0.8264 | after | 448 | 985 |  |  | .
 row | 9.6239 | 9.6880 | 0.02071 | 0.7301 | 0.02837 | 0.02296 | 0.02364 | 0.8286 | 0.8262 | after | 464 | 985 |  |  | .
 row | 9.6259 | 9.6900 | 0.02288 | 0.8067 | 0.02837 | 0.02296 | 0.02364 | 0.8285 | 0.8262 | after | 480 | 985 |  |  | .
 row | 9.6279 | 9.6920 | 0.02462 | 0.8679 | 0.02836 | 0.02296 | 0.02364 | 0.8287 | 0.8263 | tone | 496 | 985 | down |  | .
 row | 9.6299 | 9.6940 | 0.02488 | 0.8773 | 0.02836 | 0.02296 | 0.02364 | 0.8288 | 0.8264 | tone | 512 | 985 |  |  | .
 row | 9.6319 | 9.6960 | 0.02449 | 0.8637 | 0.02835 | 0.02296 | 0.02364 | 0.8289 | 0.8266 | tone | 528 | 985 |  |  | .
 row | 9.6339 | 9.6980 | 0.02390 | 0.8429 | 0.02835 | 0.02296 | 0.02364 | 0.8291 | 0.8267 | tone | 544 | 985 |  |  | .
 row | 9.6359 | 9.7000 | 0.02268 | 0.8000 | 0.02835 | 0.02296 | 0.02364 | 0.8290 | 0.8267 | idle | 560 | 985 | spike 64 |  | .
 row | 9.6379 | 9.7020 | 0.02336 | 0.8239 | 0.02835 | 0.02296 | 0.02364 | 0.8290 | 0.8266 | idle | 576 | 985 |  |  | .
 row | 9.6399 | 9.7040 | 0.02382 | 0.8404 | 0.02835 | 0.02296 | 0.02364 | 0.8292 | 0.8268 | tone | 0 | 985 | down |  | 
 row | 9.6419 | 9.7060 | 0.02496 | 0.8807 | 0.02834 | 0.02296 | 0.02364 | 0.8293 | 0.8269 | tone | 16 | 985 |  |  | 
 row | 9.6439 | 9.7080 | 0.02394 | 0.8449 | 0.02834 | 0.02296 | 0.02364 | 0.8295 | 0.8271 | tone | 32 | 985 |  |  | 
 row | 9.6459 | 9.7100 | 0.02449 | 0.8642 | 0.02833 | 0.02296 | 0.02364 | 0.8296 | 0.8272 | tone | 48 | 985 |  |  | 
 row | 9.6479 | 9.7120 | 0.02443 | 0.8623 | 0.02833 | 0.02296 | 0.02364 | 0.8297 | 0.8273 | tone | 64 | 985 |  |  | 
 row | 9.6499 | 9.7140 | 0.02343 | 0.8269 | 0.02833 | 0.02296 | 0.02364 | 0.8297 | 0.8273 | idle | 80 | 985 | spike 80 |  | 
 row | 9.6519 | 9.7160 | 0.02447 | 0.8640 | 0.02833 | 0.02296 | 0.02364 | 0.8299 | 0.8275 | tone | 0 | 985 | down |  | 
 row | 9.6539 | 9.7180 | 0.02418 | 0.8538 | 0.02832 | 0.02296 | 0.02364 | 0.8300 | 0.8276 | tone | 16 | 985 |  |  | 
 row | 9.6559 | 9.7200 | 0.02515 | 0.8882 | 0.02832 | 0.02296 | 0.02364 | 0.8301 | 0.8277 | tone | 32 | 985 |  |  | 
 row | 9.6579 | 9.7220 | 0.02459 | 0.8686 | 0.02831 | 0.02296 | 0.02365 | 0.8303 | 0.8278 | tone | 48 | 985 |  |  | 
 row | 9.6599 | 9.7240 | 0.02409 | 0.8511 | 0.02831 | 0.02296 | 0.02365 | 0.8304 | 0.8280 | tone | 64 | 985 |  |  | 
 row | 9.6619 | 9.7260 | 0.02473 | 0.8736 | 0.02831 | 0.02296 | 0.02365 | 0.8305 | 0.8281 | tone | 80 | 985 |  |  | 
 row | 9.6639 | 9.7280 | 0.02552 | 0.9018 | 0.02830 | 0.02296 | 0.02365 | 0.8307 | 0.8282 | tone | 96 | 985 |  |  | 
 row | 9.6659 | 9.7300 | 0.02502 | 0.8841 | 0.02830 | 0.02296 | 0.02365 | 0.8308 | 0.8284 | tone | 112 | 985 |  |  | 
 row | 9.6679 | 9.7320 | 0.02603 | 0.9199 | 0.02830 | 0.02296 | 0.02365 | 0.8309 | 0.8285 | tone | 128 | 985 |  |  | 
 row | 9.6699 | 9.7340 | 0.02425 | 0.8570 | 0.02829 | 0.02296 | 0.02365 | 0.8311 | 0.8286 | tone | 144 | 985 |  |  | 
 row | 9.6719 | 9.7360 | 0.02583 | 0.9129 | 0.02829 | 0.02296 | 0.02366 | 0.8312 | 0.8288 | tone | 160 | 985 |  |  | 
 row | 9.6739 | 9.7380 | 0.02471 | 0.8735 | 0.02829 | 0.02296 | 0.02366 | 0.8313 | 0.8289 | tone | 176 | 985 |  |  | 
 row | 9.6759 | 9.7400 | 0.02485 | 0.8785 | 0.02828 | 0.02296 | 0.02366 | 0.8315 | 0.8290 | tone | 192 | 985 |  |  | 
 row | 9.6779 | 9.7420 | 0.02337 | 0.8263 | 0.02828 | 0.02296 | 0.02366 | 0.8315 | 0.8290 | idle | 208 | 985 | spike 208 |  | 
 row | 9.6799 | 9.7440 | 0.02385 | 0.8434 | 0.02828 | 0.02296 | 0.02366 | 0.8316 | 0.8292 | tone | 0 | 985 | down |  | 
 row | 9.6819 | 9.7460 | 0.02374 | 0.8397 | 0.02828 | 0.02296 | 0.02366 | 0.8317 | 0.8293 | tone | 16 | 985 |  |  | 
 row | 9.6839 | 9.7480 | 0.02277 | 0.8054 | 0.02828 | 0.02296 | 0.02366 | 0.8317 | 0.8293 | idle | 32 | 985 | spike 32 |  | 
 row | 9.6859 | 9.7500 | 0.02417 | 0.8550 | 0.02827 | 0.02296 | 0.02366 | 0.8319 | 0.8294 | tone | 0 | 985 | down |  | 
 row | 9.6879 | 9.7520 | 0.02356 | 0.8334 | 0.02827 | 0.02296 | 0.02366 | 0.8319 | 0.8294 | tone | 16 | 985 |  |  | 
 row | 9.6899 | 9.7540 | 0.02350 | 0.8311 | 0.02827 | 0.02296 | 0.02366 | 0.8319 | 0.8294 | tone | 32 | 985 |  |  | 
 row | 9.6919 | 9.7560 | 0.02261 | 0.7997 | 0.02827 | 0.02296 | 0.02366 | 0.8318 | 0.8293 | idle | 48 | 985 | spike 48 |  | 
 row | 9.6939 | 9.7580 | 0.02257 | 0.7984 | 0.02827 | 0.02296 | 0.02365 | 0.8318 | 0.8293 | idle | 64 | 985 |  |  | 
 row | 9.6959 | 9.7600 | 0.02146 | 0.7591 | 0.02827 | 0.02295 | 0.02365 | 0.8317 | 0.8292 | idle | 80 | 985 |  |  | 
 row | 9.6979 | 9.7620 | 0.02188 | 0.7740 | 0.02827 | 0.02295 | 0.02365 | 0.8316 | 0.8291 | idle | 96 | 985 |  |  | 
 row | 9.6999 | 9.7640 | 0.02091 | 0.7397 | 0.02827 | 0.02294 | 0.02365 | 0.8314 | 0.8289 | idle | 112 | 985 |  |  | 
 row | 9.7019 | 9.7660 | 0.02267 | 0.8017 | 0.02827 | 0.02293 | 0.02365 | 0.8314 | 0.8289 | idle | 128 | 985 |  |  | 
 row | 9.7039 | 9.7680 | 0.02236 | 0.7908 | 0.02827 | 0.02293 | 0.02365 | 0.8313 | 0.8288 | idle | 144 | 985 |  |  | 
 row | 9.7059 | 9.7700 | 0.02093 | 0.7404 | 0.02827 | 0.02292 | 0.02364 | 0.8312 | 0.8286 | idle | 160 | 985 |  |  | 
 row | 9.7079 | 9.7720 | 0.02073 | 0.7331 | 0.02827 | 0.02291 | 0.02364 | 0.8310 | 0.8284 | idle | 176 | 985 |  |  | 
 row | 9.7099 | 9.7740 | 0.02384 | 0.8434 | 0.02827 | 0.02291 | 0.02364 | 0.8311 | 0.8286 | tone | 0 | 985 | down |  | 
 row | 9.7119 | 9.7760 | 0.02598 | 0.9192 | 0.02827 | 0.02291 | 0.02364 | 0.8313 | 0.8287 | tone | 16 | 985 |  |  | 
 row | 9.7139 | 9.7780 | 0.02557 | 0.9047 | 0.02826 | 0.02291 | 0.02364 | 0.8314 | 0.8288 | tone | 32 | 985 |  |  | 
 row | 9.7159 | 9.7800 | 0.02699 | 0.9549 | 0.02826 | 0.02291 | 0.02365 | 0.8315 | 0.8289 | tone | 48 | 985 |  |  | 
 row | 9.7179 | 9.7820 | 0.02577 | 0.9118 | 0.02826 | 0.02291 | 0.02365 | 0.8317 | 0.8291 | tone | 64 | 985 |  |  | 
 row | 9.7199 | 9.7840 | 0.02652 | 0.9387 | 0.02826 | 0.02291 | 0.02365 | 0.8318 | 0.8292 | tone | 80 | 985 |  |  | 
 row | 9.7219 | 9.7860 | 0.02584 | 0.9144 | 0.02825 | 0.02291 | 0.02366 | 0.8319 | 0.8293 | tone | 96 | 985 |  |  | 
 row | 9.7239 | 9.7880 | 0.02560 | 0.9061 | 0.02825 | 0.02291 | 0.02366 | 0.8321 | 0.8294 | tone | 112 | 985 |  |  | 
 row | 9.7259 | 9.7900 | 0.02416 | 0.8552 | 0.02825 | 0.02291 | 0.02366 | 0.8322 | 0.8296 | tone | 128 | 985 |  |  | 
 row | 9.7279 | 9.7920 | 0.02454 | 0.8689 | 0.02824 | 0.02291 | 0.02366 | 0.8323 | 0.8297 | tone | 144 | 985 |  |  | 
 row | 9.7299 | 9.7940 | 0.02543 | 0.9003 | 0.02824 | 0.02291 | 0.02366 | 0.8325 | 0.8298 | tone | 160 | 985 |  |  | 
 row | 9.7319 | 9.7960 | 0.02786 | 0.9865 | 0.02824 | 0.02291 | 0.02366 | 0.8326 | 0.8299 | tone | 176 | 985 |  |  | 
 row | 9.7339 | 9.7980 | 0.02750 | 0.9737 | 0.02824 | 0.02291 | 0.02367 | 0.8327 | 0.8301 | tone | 192 | 985 |  |  | 
 row | 9.7359 | 9.8000 | 0.02696 | 0.9547 | 0.02824 | 0.02291 | 0.02367 | 0.8329 | 0.8302 | tone | 208 | 985 |  |  | 
 row | 9.7379 | 9.8020 | 0.02766 | 0.9797 | 0.02824 | 0.02291 | 0.02368 | 0.8330 | 0.8303 | tone | 224 | 985 |  |  | 
 row | 9.7399 | 9.8040 | 0.02736 | 0.9689 | 0.02824 | 0.02291 | 0.02368 | 0.8331 | 0.8304 | tone | 240 | 985 |  |  | 
 row | 9.7419 | 9.8060 | 0.02398 | 0.8494 | 0.02823 | 0.02291 | 0.02368 | 0.8333 | 0.8305 | tone | 256 | 985 |  |  | 
 row | 9.7439 | 9.8080 | 0.02158 | 0.7643 | 0.02823 | 0.02290 | 0.02368 | 0.8332 | 0.8304 | after | 272 | 985 | up 272 |  | .
 row | 9.7459 | 9.8100 | 0.02155 | 0.7632 | 0.02823 | 0.02290 | 0.02368 | 0.8331 | 0.8303 | after | 288 | 985 |  |  | .
 row | 9.7479 | 9.8120 | 0.02070 | 0.7333 | 0.02823 | 0.02289 | 0.02367 | 0.8329 | 0.8301 | after | 304 | 985 |  |  | .
 row | 9.7499 | 9.8140 | 0.01982 | 0.7021 | 0.02823 | 0.02287 | 0.02367 | 0.8327 | 0.8298 | after | 320 | 985 |  |  | .
 row | 9.7519 | 9.8160 | 0.02205 | 0.7811 | 0.02823 | 0.02287 | 0.02367 | 0.8326 | 0.8298 | after | 336 | 985 |  |  | .
 row | 9.7539 | 9.8180 | 0.02361 | 0.8364 | 0.02823 | 0.02287 | 0.02367 | 0.8326 | 0.8298 | tone | 352 | 985 | down |  | .
 row | 9.7559 | 9.8200 | 0.02643 | 0.9362 | 0.02823 | 0.02287 | 0.02367 | 0.8327 | 0.8299 | tone | 368 | 985 |  |  | .
 row | 9.7579 | 9.8220 | 0.02720 | 0.9635 | 0.02823 | 0.02287 | 0.02367 | 0.8329 | 0.8300 | tone | 384 | 985 |  |  | .
 row | 9.7599 | 9.8240 | 0.02851 | 1.0098 | 0.02823 | 0.02287 | 0.02368 | 0.8330 | 0.8301 | tone | 400 | 985 |  |  | .
 row | 9.7619 | 9.8260 | 0.02700 | 0.9564 | 0.02823 | 0.02287 | 0.02368 | 0.8331 | 0.8302 | tone | 416 | 985 |  |  | .
 row | 9.7639 | 9.8280 | 0.02685 | 0.9510 | 0.02823 | 0.02287 | 0.02368 | 0.8332 | 0.8303 | tone | 432 | 985 |  |  | .
 row | 9.7659 | 9.8300 | 0.02659 | 0.9419 | 0.02823 | 0.02287 | 0.02369 | 0.8334 | 0.8304 | tone | 448 | 985 |  |  | .
 row | 9.7679 | 9.8320 | 0.02596 | 0.9199 | 0.02823 | 0.02287 | 0.02369 | 0.8335 | 0.8306 | tone | 464 | 985 |  |  | .
 row | 9.7699 | 9.8340 | 0.02645 | 0.9372 | 0.02822 | 0.02287 | 0.02369 | 0.8336 | 0.8307 | tone | 480 | 985 |  |  | .
 row | 9.7719 | 9.8360 | 0.02753 | 0.9756 | 0.02822 | 0.02287 | 0.02370 | 0.8337 | 0.8308 | tone | 496 | 985 |  |  | .
 row | 9.7739 | 9.8380 | 0.02793 | 0.9897 | 0.02822 | 0.02287 | 0.02370 | 0.8339 | 0.8309 | tone | 512 | 985 |  |  | .
 row | 9.7759 | 9.8400 | 0.02906 | 1.0295 | 0.02823 | 0.02287 | 0.02371 | 0.8339 | 0.8309 | tone | 528 | 985 |  |  | .
 row | 9.7779 | 9.8420 | 0.03000 | 1.0624 | 0.02824 | 0.02287 | 0.02371 | 0.8338 | 0.8308 | tone | 544 | 985 |  |  | .
 row | 9.7799 | 9.8440 | 0.02885 | 1.0215 | 0.02824 | 0.02287 | 0.02372 | 0.8339 | 0.8309 | tone | 560 | 985 |  |  | .
 row | 9.7819 | 9.8460 | 0.03002 | 1.0629 | 0.02825 | 0.02287 | 0.02372 | 0.8338 | 0.8308 | tone | 576 | 985 |  |  | .
 row | 9.7839 | 9.8480 | 0.02715 | 0.9611 | 0.02825 | 0.02287 | 0.02373 | 0.8339 | 0.8309 | tone | 592 | 985 |  |  | .
 row | 9.7859 | 9.8500 | 0.02740 | 0.9701 | 0.02825 | 0.02287 | 0.02373 | 0.8340 | 0.8310 | tone | 608 | 985 |  |  | .
 row | 9.7879 | 9.8520 | 0.02547 | 0.9018 | 0.02824 | 0.02287 | 0.02373 | 0.8342 | 0.8311 | tone | 624 | 985 |  |  | .
 row | 9.7899 | 9.8540 | 0.02653 | 0.9395 | 0.02824 | 0.02287 | 0.02374 | 0.8343 | 0.8312 | tone | 640 | 985 |  |  | .
 row | 9.7919 | 9.8560 | 0.02647 | 0.9372 | 0.02824 | 0.02287 | 0.02374 | 0.8344 | 0.8314 | tone | 656 | 985 |  |  | .
 row | 9.7939 | 9.8580 | 0.02698 | 0.9553 | 0.02824 | 0.02287 | 0.02374 | 0.8346 | 0.8315 | tone | 672 | 985 |  |  | .
 row | 9.7959 | 9.8600 | 0.02529 | 0.8956 | 0.02823 | 0.02287 | 0.02374 | 0.8347 | 0.8316 | tone | 688 | 985 |  |  | .
 row | 9.7979 | 9.8620 | 0.02695 | 0.9546 | 0.02823 | 0.02287 | 0.02375 | 0.8348 | 0.8317 | tone | 704 | 985 |  |  | .
 row | 9.7999 | 9.8640 | 0.03015 | 1.0674 | 0.02824 | 0.02287 | 0.02375 | 0.8347 | 0.8316 | tone | 720 | 985 |  |  | .
 row | 9.8019 | 9.8660 | 0.03114 | 1.1020 | 0.02826 | 0.02287 | 0.02376 | 0.8345 | 0.8313 | tone | 736 | 985 |  |  | .
 row | 9.8039 | 9.8680 | 0.03008 | 1.0640 | 0.02827 | 0.02287 | 0.02377 | 0.8344 | 0.8312 | tone | 752 | 985 |  |  | .
 row | 9.8059 | 9.8700 | 0.03128 | 1.1059 | 0.02828 | 0.02287 | 0.02377 | 0.8342 | 0.8310 | tone | 768 | 985 |  |  | .
 row | 9.8079 | 9.8720 | 0.03140 | 1.1098 | 0.02830 | 0.02287 | 0.02378 | 0.8339 | 0.8307 | tone | 784 | 985 |  |  | .
 row | 9.8099 | 9.8740 | 0.03034 | 1.0718 | 0.02831 | 0.02287 | 0.02379 | 0.8338 | 0.8306 | tone | 800 | 985 |  |  | .
 row | 9.8119 | 9.8760 | 0.03093 | 1.0920 | 0.02832 | 0.02287 | 0.02380 | 0.8336 | 0.8304 | tone | 816 | 985 |  |  | .
 row | 9.8139 | 9.8780 | 0.03051 | 1.0767 | 0.02833 | 0.02287 | 0.02380 | 0.8335 | 0.8302 | tone | 832 | 985 |  |  | .
 row | 9.8159 | 9.8800 | 0.03157 | 1.1138 | 0.02835 | 0.02287 | 0.02381 | 0.8333 | 0.8299 | tone | 848 | 985 |  |  | .
 row | 9.8179 | 9.8820 | 0.03071 | 1.0829 | 0.02836 | 0.02287 | 0.02382 | 0.8331 | 0.8298 | tone | 864 | 985 |  |  | .
 row | 9.8199 | 9.8840 | 0.03188 | 1.1235 | 0.02838 | 0.02287 | 0.02382 | 0.8328 | 0.8294 | tone | 880 | 985 |  |  | .
 row | 9.8219 | 9.8860 | 0.03149 | 1.1092 | 0.02839 | 0.02287 | 0.02383 | 0.8326 | 0.8292 | tone | 896 | 985 |  |  | .
 row | 9.8239 | 9.8880 | 0.03301 | 1.1615 | 0.02842 | 0.02287 | 0.02384 | 0.8322 | 0.8287 | tone | 912 | 985 |  |  | .
 row | 9.8259 | 9.8900 | 0.03290 | 1.1570 | 0.02844 | 0.02287 | 0.02385 | 0.8317 | 0.8283 | tone | 928 | 985 |  |  | .
 row | 9.8279 | 9.8920 | 0.03260 | 1.1455 | 0.02846 | 0.02287 | 0.02386 | 0.8314 | 0.8279 | tone | 944 | 985 |  |  | .
 row | 9.8299 | 9.8940 | 0.03129 | 1.0990 | 0.02847 | 0.02287 | 0.02387 | 0.8312 | 0.8277 | tone | 960 | 985 |  |  | .
 row | 9.8319 | 9.8960 | 0.02980 | 1.0463 | 0.02848 | 0.02287 | 0.02387 | 0.8312 | 0.8276 | tone | 976 | 985 |  |  | .
 row | 9.8339 | 9.8980 | 0.02806 | 0.9854 | 0.02848 | 0.02287 | 0.02388 | 0.8313 | 0.8277 | tone | 992 | 985 |  |  | .
 row | 9.8359 | 9.9000 | 0.02993 | 1.0505 | 0.02849 | 0.02287 | 0.02388 | 0.8312 | 0.8277 | tone | 1008 | 985 |  |  | .
 row | 9.8379 | 9.9020 | 0.02949 | 1.0352 | 0.02849 | 0.02287 | 0.02389 | 0.8313 | 0.8277 | tone | 1024 | 985 |  |  | .
 row | 9.8399 | 9.9040 | 0.02776 | 0.9743 | 0.02849 | 0.02287 | 0.02389 | 0.8314 | 0.8278 | tone | 1040 | 985 |  |  | .
 row | 9.8419 | 9.9060 | 0.02790 | 0.9791 | 0.02849 | 0.02287 | 0.02390 | 0.8315 | 0.8279 | tone | 1056 | 985 |  |  | .
 row | 9.8439 | 9.9080 | 0.02711 | 0.9517 | 0.02849 | 0.02287 | 0.02390 | 0.8316 | 0.8280 | tone | 1072 | 985 |  |  | .
 row | 9.8459 | 9.9100 | 0.02681 | 0.9413 | 0.02849 | 0.02287 | 0.02390 | 0.8318 | 0.8281 | tone | 1088 | 985 |  |  | .
 row | 9.8479 | 9.9120 | 0.02509 | 0.8810 | 0.02848 | 0.02287 | 0.02390 | 0.8319 | 0.8283 | tone | 1104 | 985 |  |  | .
 row | 9.8499 | 9.9140 | 0.02398 | 0.8418 | 0.02848 | 0.02287 | 0.02390 | 0.8320 | 0.8284 | tone | 1120 | 985 |  |  | .
 row | 9.8519 | 9.9160 | 0.02372 | 0.8329 | 0.02848 | 0.02287 | 0.02390 | 0.8320 | 0.8284 | tone | 1136 | 985 |  |  | .
 row | 9.8539 | 9.9180 | 0.02498 | 0.8772 | 0.02848 | 0.02287 | 0.02390 | 0.8322 | 0.8285 | tone | 1152 | 985 |  |  | .
 row | 9.8559 | 9.9200 | 0.02401 | 0.8434 | 0.02847 | 0.02287 | 0.02390 | 0.8323 | 0.8287 | tone | 1168 | 985 |  |  | .
 row | 9.8579 | 9.9220 | 0.02436 | 0.8556 | 0.02847 | 0.02287 | 0.02391 | 0.8324 | 0.8288 | tone | 1184 | 985 |  |  | .
 row | 9.8599 | 9.9240 | 0.02467 | 0.8669 | 0.02846 | 0.02287 | 0.02391 | 0.8326 | 0.8289 | tone | 1200 | 985 |  |  | .
 row | 9.8619 | 9.9260 | 0.02362 | 0.8300 | 0.02846 | 0.02287 | 0.02391 | 0.8326 | 0.8289 | tone | 1216 | 985 |  |  | .
 row | 9.8639 | 9.9280 | 0.02221 | 0.7802 | 0.02846 | 0.02287 | 0.02390 | 0.8325 | 0.8289 | after | 1232 | 955 | up 880 |  | ..
 row | 9.8659 | 9.9300 | 0.02301 | 0.8084 | 0.02846 | 0.02287 | 0.02390 | 0.8325 | 0.8288 | after | 1248 | 955 |  |  | ..
 row | 9.8679 | 9.9320 | 0.02203 | 0.7741 | 0.02846 | 0.02286 | 0.02390 | 0.8324 | 0.8287 | after | 1264 | 955 |  |  | ..
 row | 9.8699 | 9.9340 | 0.02190 | 0.7694 | 0.02846 | 0.02286 | 0.02390 | 0.8323 | 0.8286 | after | 1280 | 955 |  |  | ..
 row | 9.8719 | 9.9360 | 0.02351 | 0.8260 | 0.02846 | 0.02286 | 0.02390 | 0.8323 | 0.8286 | after | 1296 | 955 |  |  | ..
 row | 9.8739 | 9.9380 | 0.02400 | 0.8432 | 0.02846 | 0.02286 | 0.02390 | 0.8324 | 0.8288 | tone | 1312 | 955 | down |  | ..
 row | 9.8759 | 9.9400 | 0.02442 | 0.8581 | 0.02846 | 0.02286 | 0.02390 | 0.8326 | 0.8289 | tone | 1328 | 955 |  |  | ..
 row | 9.8779 | 9.9420 | 0.02483 | 0.8726 | 0.02845 | 0.02286 | 0.02390 | 0.8327 | 0.8290 | tone | 1344 | 955 |  |  | ..
 row | 9.8799 | 9.9440 | 0.02605 | 0.9158 | 0.02845 | 0.02286 | 0.02390 | 0.8328 | 0.8292 | tone | 1360 | 955 |  |  | ..
 row | 9.8819 | 9.9460 | 0.02696 | 0.9476 | 0.02845 | 0.02286 | 0.02391 | 0.8330 | 0.8293 | tone | 1376 | 955 |  |  | ..
 row | 9.8839 | 9.9480 | 0.02716 | 0.9547 | 0.02845 | 0.02286 | 0.02391 | 0.8331 | 0.8294 | tone | 1392 | 955 |  |  | ..
 row | 9.8859 | 9.9500 | 0.02598 | 0.9134 | 0.02844 | 0.02286 | 0.02391 | 0.8332 | 0.8295 | tone | 1408 | 955 |  |  | ..
 row | 9.8879 | 9.9520 | 0.02384 | 0.8380 | 0.02844 | 0.02286 | 0.02391 | 0.8332 | 0.8295 | tone | 1424 | 955 |  |  | ..
 row | 9.8899 | 9.9540 | 0.02357 | 0.8286 | 0.02844 | 0.02286 | 0.02391 | 0.8332 | 0.8295 | idle | 1440 | 955 | spike 128 |  | ..
 row | 9.8919 | 9.9560 | 0.02268 | 0.7974 | 0.02844 | 0.02286 | 0.02391 | 0.8332 | 0.8295 | idle | 1456 | 955 |  |  | ..
 row | 9.8939 | 9.9580 | 0.02297 | 0.8074 | 0.02844 | 0.02286 | 0.02391 | 0.8332 | 0.8295 | idle | 1472 | 955 |  |  | ..
 row | 9.8959 | 9.9600 | 0.02190 | 0.7700 | 0.02844 | 0.02285 | 0.02391 | 0.8331 | 0.8294 | idle | 1488 | 955 |  |  | ..
 row | 9.8979 | 9.9620 | 0.02203 | 0.7746 | 0.02844 | 0.02285 | 0.02390 | 0.8330 | 0.8293 | idle | 1504 | 955 |  |  | ..
 row | 9.8999 | 9.9640 | 0.02169 | 0.7626 | 0.02844 | 0.02284 | 0.02390 | 0.8329 | 0.8292 | idle | 1520 | 955 |  |  | ..
 row | 9.9019 | 9.9660 | 0.02098 | 0.7376 | 0.02844 | 0.02283 | 0.02390 | 0.8327 | 0.8290 | idle | 1536 | 955 |  |  | ..
 row | 9.9039 | 9.9680 | 0.01978 | 0.6953 | 0.02844 | 0.02282 | 0.02390 | 0.8325 | 0.8287 | idle | 1552 | 955 |  |  | ..
 row | 9.9059 | 9.9700 | 0.02061 | 0.7245 | 0.02844 | 0.02281 | 0.02389 | 0.8323 | 0.8285 | idle | 1568 | 955 |  |  | ..
 row | 9.9079 | 9.9720 | 0.02227 | 0.7828 | 0.02844 | 0.02280 | 0.02389 | 0.8323 | 0.8285 | idle | 1584 | 955 |  |  | ..
 row | 9.9099 | 9.9740 | 0.02156 | 0.7582 | 0.02844 | 0.02280 | 0.02389 | 0.8322 | 0.8283 | idle | 1600 | 955 |  |  | ..
 row | 9.9119 | 9.9760 | 0.02234 | 0.7853 | 0.02844 | 0.02280 | 0.02389 | 0.8321 | 0.8283 | idle | 1616 | 955 |  |  | ..
 row | 9.9139 | 9.9780 | 0.02076 | 0.7298 | 0.02844 | 0.02279 | 0.02388 | 0.8319 | 0.8281 | idle | 1632 | 955 |  |  | ..
 row | 9.9159 | 9.9800 | 0.02065 | 0.7258 | 0.02844 | 0.02278 | 0.02388 | 0.8318 | 0.8279 | idle | 1648 | 955 |  |  | ..
 row | 9.9179 | 9.9820 | 0.01947 | 0.6845 | 0.02844 | 0.02276 | 0.02388 | 0.8315 | 0.8276 | idle | 1664 | 955 |  |  | ..
 row | 9.9199 | 9.9840 | 0.02070 | 0.7276 | 0.02844 | 0.02275 | 0.02387 | 0.8314 | 0.8274 | idle | 1680 | 955 |  |  | ..
 row | 9.9219 | 9.9860 | 0.02171 | 0.7632 | 0.02844 | 0.02274 | 0.02387 | 0.8313 | 0.8273 | idle | 1696 | 955 |  |  | ..
 row | 9.9239 | 9.9880 | 0.02291 | 0.8055 | 0.02844 | 0.02274 | 0.02387 | 0.8313 | 0.8273 | idle | 1712 | 955 |  |  | ..
 row | 9.9259 | 9.9900 | 0.02230 | 0.7839 | 0.02844 | 0.02274 | 0.02387 | 0.8312 | 0.8272 | idle | 1728 | 955 |  |  | ..
 row | 9.9279 | 9.9920 | 0.02362 | 0.8303 | 0.02844 | 0.02274 | 0.02387 | 0.8312 | 0.8272 | idle | 1744 | 955 |  |  | ..
 row | 9.9299 | 9.9940 | 0.02274 | 0.7995 | 0.02844 | 0.02274 | 0.02387 | 0.8312 | 0.8272 | idle | 1760 | 955 |  |  | ..
 row | 9.9319 | 9.9960 | 0.02309 | 0.8118 | 0.02844 | 0.02274 | 0.02387 | 0.8311 | 0.8272 | idle | 1776 | 955 |  |  | ..
 row | 9.9339 | 9.9980 | 0.02430 | 0.8543 | 0.02844 | 0.02274 | 0.02387 | 0.8313 | 0.8273 | tone | 0 | 955 | down |  | 
 row | 9.9359 | 10.0000 | 0.02384 | 0.8382 | 0.02844 | 0.02274 | 0.02387 | 0.8313 | 0.8273 | tone | 16 | 955 |  |  | 
 row | 9.9379 | 10.0020 | 0.02275 | 0.8000 | 0.02844 | 0.02274 | 0.02386 | 0.8312 | 0.8273 | idle | 32 | 955 | spike 32 |  | 
 row | 9.9399 | 10.0040 | 0.02100 | 0.7384 | 0.02844 | 0.02273 | 0.02386 | 0.8311 | 0.8271 | idle | 48 | 955 |  |  | 
 row | 9.9419 | 10.0060 | 0.02213 | 0.7781 | 0.02844 | 0.02273 | 0.02386 | 0.8310 | 0.8271 | idle | 64 | 955 |  |  | 
 row | 9.9439 | 10.0080 | 0.02177 | 0.7655 | 0.02844 | 0.02273 | 0.02386 | 0.8309 | 0.8270 | idle | 80 | 955 |  |  | 
 row | 9.9459 | 10.0100 | 0.02364 | 0.8314 | 0.02844 | 0.02273 | 0.02386 | 0.8309 | 0.8270 | tone | 0 | 955 | down |  | 
 row | 9.9479 | 10.0120 | 0.02335 | 0.8211 | 0.02844 | 0.02273 | 0.02386 | 0.8309 | 0.8270 | idle | 16 | 955 | spike 16 |  | 
 row | 9.9499 | 10.0140 | 0.02534 | 0.8911 | 0.02844 | 0.02273 | 0.02386 | 0.8311 | 0.8271 | tone | 0 | 955 | down |  | 
 row | 9.9519 | 10.0160 | 0.02649 | 0.9315 | 0.02843 | 0.02273 | 0.02386 | 0.8312 | 0.8272 | tone | 16 | 955 |  |  | 
 row | 9.9539 | 10.0180 | 0.02719 | 0.9563 | 0.02843 | 0.02273 | 0.02386 | 0.8313 | 0.8273 | tone | 32 | 955 |  |  | 
 row | 9.9559 | 10.0200 | 0.02987 | 1.0503 | 0.02844 | 0.02273 | 0.02387 | 0.8313 | 0.8273 | tone | 48 | 955 |  |  | 
 row | 9.9579 | 10.0220 | 0.03066 | 1.0778 | 0.02845 | 0.02273 | 0.02388 | 0.8312 | 0.8271 | tone | 64 | 955 |  |  | 
 row | 9.9599 | 10.0240 | 0.03113 | 1.0935 | 0.02847 | 0.02273 | 0.02388 | 0.8310 | 0.8269 | tone | 80 | 955 |  |  | 
 row | 9.9619 | 10.0260 | 0.03107 | 1.0909 | 0.02848 | 0.02273 | 0.02389 | 0.8308 | 0.8267 | tone | 96 | 955 |  |  | 
 row | 9.9639 | 10.0280 | 0.03076 | 1.0798 | 0.02849 | 0.02273 | 0.02390 | 0.8306 | 0.8265 | tone | 112 | 955 |  |  | 
 row | 9.9659 | 10.0300 | 0.03038 | 1.0659 | 0.02850 | 0.02273 | 0.02391 | 0.8306 | 0.8264 | tone | 128 | 955 |  |  | 
 row | 9.9679 | 10.0320 | 0.03090 | 1.0839 | 0.02851 | 0.02273 | 0.02391 | 0.8304 | 0.8262 | tone | 144 | 955 |  |  | 
 row | 9.9699 | 10.0340 | 0.03132 | 1.0979 | 0.02853 | 0.02273 | 0.02392 | 0.8302 | 0.8260 | tone | 160 | 955 |  |  | 
 row | 9.9719 | 10.0360 | 0.03276 | 1.1477 | 0.02855 | 0.02273 | 0.02393 | 0.8298 | 0.8256 | tone | 176 | 955 |  |  | 
 row | 9.9739 | 10.0380 | 0.03245 | 1.1360 | 0.02857 | 0.02273 | 0.02394 | 0.8295 | 0.8253 | tone | 192 | 955 |  |  | 
 row | 9.9759 | 10.0400 | 0.03203 | 1.1207 | 0.02858 | 0.02273 | 0.02395 | 0.8292 | 0.8250 | tone | 208 | 955 |  |  | 
 row | 9.9779 | 10.0420 | 0.03176 | 1.1104 | 0.02860 | 0.02273 | 0.02395 | 0.8290 | 0.8247 | tone | 224 | 955 |  |  | 
 row | 9.9799 | 10.0440 | 0.03204 | 1.1197 | 0.02862 | 0.02273 | 0.02396 | 0.8287 | 0.8244 | tone | 240 | 955 |  |  | 
 row | 9.9819 | 10.0460 | 0.03010 | 1.0517 | 0.02862 | 0.02273 | 0.02397 | 0.8287 | 0.8243 | tone | 256 | 955 |  |  | 
 row | 9.9839 | 10.0480 | 0.02881 | 1.0063 | 0.02862 | 0.02273 | 0.02397 | 0.8288 | 0.8244 | tone | 272 | 955 |  |  | 
 row | 9.9859 | 10.0500 | 0.02760 | 0.9642 | 0.02862 | 0.02273 | 0.02398 | 0.8289 | 0.8246 | tone | 288 | 955 |  |  | 
 row | 9.9879 | 10.0520 | 0.02579 | 0.9012 | 0.02862 | 0.02273 | 0.02398 | 0.8290 | 0.8247 | tone | 304 | 955 |  |  | 
 row | 9.9899 | 10.0540 | 0.02727 | 0.9529 | 0.02862 | 0.02273 | 0.02398 | 0.8292 | 0.8248 | tone | 320 | 955 |  |  | 
 row | 9.9919 | 10.0560 | 0.02714 | 0.9483 | 0.02862 | 0.02273 | 0.02398 | 0.8293 | 0.8249 | tone | 336 | 955 |  |  | 
 row | 9.9939 | 10.0580 | 0.02754 | 0.9623 | 0.02862 | 0.02273 | 0.02399 | 0.8294 | 0.8250 | tone | 352 | 955 |  |  | 
 row | 9.9959 | 10.0600 | 0.02684 | 0.9381 | 0.02862 | 0.02273 | 0.02399 | 0.8296 | 0.8252 | tone | 368 | 955 |  |  | 
 row | 9.9979 | 10.0620 | 0.02639 | 0.9222 | 0.02861 | 0.02273 | 0.02399 | 0.8297 | 0.8253 | tone | 384 | 955 |  |  | 
 row | 9.9999 | 10.0640 | 0.02656 | 0.9282 | 0.02861 | 0.02273 | 0.02400 | 0.8298 | 0.8254 | tone | 400 | 955 |  |  | 
 row | 10.0019 | 10.0660 | 0.03095 | 1.0813 | 0.02862 | 0.02273 | 0.02400 | 0.8297 | 0.8252 | tone | 416 | 955 |  |  | 
 row | 10.0039 | 10.0680 | 0.04249 | 1.4809 | 0.02869 | 0.02273 | 0.02402 | 0.8282 | 0.8237 | tone | 432 | 955 |  |  | 
 row | 10.0059 | 10.0700 | 0.05659 | 1.9628 | 0.02883 | 0.02273 | 0.02405 | 0.8251 | 0.8205 | tone | 448 | 955 |  |  | 
 row | 10.0079 | 10.0720 | 0.06786 | 2.3378 | 0.02903 | 0.02273 | 0.02410 | 0.8208 | 0.8160 | tone | 464 | 955 |  |  | 
 row | 10.0099 | 10.0740 | 0.07910 | 2.7017 | 0.02928 | 0.02273 | 0.02415 | 0.8152 | 0.8104 | tone | 480 | 955 |  |  | 
 row | 10.0119 | 10.0760 | 0.09334 | 3.1538 | 0.02960 | 0.02273 | 0.02422 | 0.8083 | 0.8032 | tone | 496 | 955 |  |  | 
 row | 10.0139 | 10.0780 | 0.10954 | 3.6519 | 0.03000 | 0.02273 | 0.02431 | 0.7998 | 0.7945 | tone | 512 | 955 |  |  | 
 row | 10.0159 | 10.0800 | 0.12415 | 4.0747 | 0.03047 | 0.02273 | 0.02441 | 0.7901 | 0.7845 | tone | 528 | 955 |  |  | 
 row | 10.0179 | 10.0820 | 0.13921 | 4.4889 | 0.03101 | 0.02273 | 0.02452 | 0.7792 | 0.7734 | tone | 544 | 955 |  |  | 
 row | 10.0199 | 10.0840 | 0.15364 | 4.8583 | 0.03162 | 0.02273 | 0.02465 | 0.7673 | 0.7612 | tone | 560 | 955 |  |  | 
 row | 10.0219 | 10.0860 | 0.16565 | 5.1294 | 0.03229 | 0.02273 | 0.02479 | 0.7549 | 0.7485 | tone | 576 | 955 |  |  | 
 row | 10.0239 | 10.0880 | 0.17781 | 5.3846 | 0.03302 | 0.02273 | 0.02494 | 0.7420 | 0.7353 | tone | 592 | 955 |  |  | 
 row | 10.0259 | 10.0900 | 0.19202 | 5.6781 | 0.03382 | 0.02273 | 0.02511 | 0.7285 | 0.7214 | tone | 608 | 955 |  |  | 
 row | 10.0279 | 10.0920 | 0.20722 | 5.9745 | 0.03468 | 0.02273 | 0.02529 | 0.7145 | 0.7071 | tone | 624 | 955 |  |  | 
 row | 10.0299 | 10.0940 | 0.22155 | 6.2200 | 0.03562 | 0.02273 | 0.02549 | 0.7001 | 0.6924 | tone | 640 | 955 |  |  | 
 row | 10.0319 | 10.0960 | 0.23574 | 6.4376 | 0.03662 | 0.02273 | 0.02570 | 0.6856 | 0.6775 | tone | 656 | 955 |  |  | 
 row | 10.0339 | 10.0980 | 0.24587 | 6.5278 | 0.03767 | 0.02273 | 0.02592 | 0.6712 | 0.6628 | tone | 672 | 955 |  |  | 
 row | 10.0359 | 10.1000 | 0.24857 | 6.4196 | 0.03872 | 0.02273 | 0.02614 | 0.6575 | 0.6487 | tone | 688 | 955 |  |  | 
 row | 10.0379 | 10.1020 | 0.25033 | 6.2932 | 0.03978 | 0.02273 | 0.02637 | 0.6446 | 0.6354 | tone | 704 | 955 |  |  | 
 row | 10.0399 | 10.1040 | 0.25567 | 6.2577 | 0.04086 | 0.02273 | 0.02660 | 0.6320 | 0.6226 | tone | 720 | 955 |  |  | 
 row | 10.0419 | 10.1060 | 0.25865 | 6.1663 | 0.04195 | 0.02273 | 0.02683 | 0.6200 | 0.6103 | tone | 736 | 955 |  |  | 
 row | 10.0439 | 10.1080 | 0.25591 | 5.9491 | 0.04302 | 0.02273 | 0.02706 | 0.6089 | 0.5988 | tone | 752 | 955 |  |  | 
 row | 10.0459 | 10.1100 | 0.25424 | 5.7687 | 0.04407 | 0.02273 | 0.02728 | 0.5984 | 0.5881 | tone | 768 | 955 |  |  | 
 row | 10.0479 | 10.1120 | 0.25671 | 5.6875 | 0.04514 | 0.02273 | 0.02751 | 0.5884 | 0.5778 | tone | 784 | 955 |  |  | 
 row | 10.0499 | 10.1140 | 0.25789 | 5.5822 | 0.04620 | 0.02273 | 0.02774 | 0.5788 | 0.5680 | tone | 800 | 955 |  |  | 
 row | 10.0519 | 10.1160 | 0.25668 | 5.4322 | 0.04725 | 0.02273 | 0.02797 | 0.5698 | 0.5587 | tone | 816 | 955 |  |  | 
 row | 10.0539 | 10.1180 | 0.25699 | 5.3208 | 0.04830 | 0.02273 | 0.02820 | 0.5612 | 0.5499 | tone | 832 | 955 |  |  | 
 row | 10.0559 | 10.1200 | 0.25738 | 5.2159 | 0.04935 | 0.02273 | 0.02843 | 0.5531 | 0.5415 | tone | 848 | 955 |  |  | 
 row | 10.0579 | 10.1220 | 0.25556 | 5.0729 | 0.05038 | 0.02273 | 0.02866 | 0.5453 | 0.5336 | tone | 864 | 955 |  |  | 
 row | 10.0599 | 10.1240 | 0.25480 | 4.9574 | 0.05140 | 0.02273 | 0.02889 | 0.5380 | 0.5260 | tone | 880 | 955 |  |  | 
 row | 10.0619 | 10.1260 | 0.25485 | 4.8620 | 0.05242 | 0.02273 | 0.02911 | 0.5310 | 0.5189 | tone | 896 | 955 |  |  | 
 row | 10.0639 | 10.1280 | 0.24805 | 4.6455 | 0.05339 | 0.02273 | 0.02933 | 0.5246 | 0.5122 | tone | 912 | 955 |  |  | 
 row | 10.0659 | 10.1300 | 0.23237 | 4.2802 | 0.05429 | 0.02273 | 0.02953 | 0.5189 | 0.5064 | tone | 928 | 955 |  |  | 
 row | 10.0679 | 10.1320 | 0.21726 | 3.9427 | 0.05510 | 0.02273 | 0.02972 | 0.5140 | 0.5013 | tone | 944 | 955 |  |  | 
 row | 10.0699 | 10.1340 | 0.20085 | 3.5973 | 0.05583 | 0.02273 | 0.02989 | 0.5097 | 0.4969 | tone | 960 | 955 |  |  | 
 row | 10.0719 | 10.1360 | 0.18412 | 3.2602 | 0.05647 | 0.02273 | 0.03005 | 0.5061 | 0.4932 | tone | 976 | 955 |  |  | 
 row | 10.0739 | 10.1380 | 0.16837 | 2.9521 | 0.05703 | 0.02273 | 0.03018 | 0.5031 | 0.4900 | tone | 992 | 955 |  |  | 
 row | 10.0759 | 10.1400 | 0.15493 | 2.6933 | 0.05752 | 0.02273 | 0.03031 | 0.5005 | 0.4874 | tone | 1008 | 955 |  |  | 
 row | 10.0779 | 10.1420 | 0.14067 | 2.4279 | 0.05794 | 0.02273 | 0.03042 | 0.4985 | 0.4852 | tone | 1024 | 955 |  |  | 
 row | 10.0799 | 10.1440 | 0.12449 | 2.1363 | 0.05827 | 0.02273 | 0.03051 | 0.4969 | 0.4836 | tone | 1040 | 955 |  |  | 
 row | 10.0819 | 10.1460 | 0.10813 | 1.8478 | 0.05852 | 0.02273 | 0.03059 | 0.4959 | 0.4824 | tone | 1056 | 955 |  |  | 
 row | 10.0839 | 10.1480 | 0.09409 | 1.6029 | 0.05870 | 0.02273 | 0.03065 | 0.4952 | 0.4817 | tone | 1072 | 955 |  |  | 
 row | 10.0859 | 10.1500 | 0.08112 | 1.3793 | 0.05881 | 0.02273 | 0.03071 | 0.4950 | 0.4814 | tone | 1088 | 955 |  |  | 
 row | 10.0879 | 10.1520 | 0.06804 | 1.1561 | 0.05886 | 0.02273 | 0.03074 | 0.4951 | 0.4815 | tone | 1104 | 955 |  |  | 
 row | 10.0899 | 10.1540 | 0.05590 | 0.9498 | 0.05885 | 0.02273 | 0.03077 | 0.4955 | 0.4818 | tone | 1120 | 955 |  |  | 
 row | 10.0919 | 10.1560 | 0.04367 | 0.7423 | 0.05884 | 0.02273 | 0.03078 | 0.4958 | 0.4821 | tone | 1136 | 955 |  |  | 
 row | 10.0939 | 10.1580 | 0.03064 | 0.5207 | 0.05884 | 0.02274 | 0.03078 | 0.4958 | 0.4821 | tone | 1152 | 955 |  |  | 
 row | 10.0959 | 10.1600 | 0.02295 | 0.3900 | 0.05884 | 0.02274 | 0.03077 | 0.4957 | 0.4820 | after | 1168 | 955 | up 1168 |  | -
 row | 10.0979 | 10.1620 | 0.02322 | 0.3947 | 0.05884 | 0.02274 | 0.03076 | 0.4956 | 0.4819 | after | 1184 | 955 |  |  | -
 row | 10.0999 | 10.1640 | 0.02231 | 0.3792 | 0.05884 | 0.02274 | 0.03076 | 0.4955 | 0.4818 | after | 1200 | 955 |  |  | -
 row | 10.1019 | 10.1660 | 0.02407 | 0.4092 | 0.05884 | 0.02274 | 0.03075 | 0.4954 | 0.4818 | after | 1216 | 955 |  |  | -
 row | 10.1039 | 10.1680 | 0.02626 | 0.4463 | 0.05884 | 0.02274 | 0.03075 | 0.4953 | 0.4817 | after | 1232 | 955 |  |  | -
 row | 10.1059 | 10.1700 | 0.02745 | 0.4665 | 0.05884 | 0.02274 | 0.03074 | 0.4953 | 0.4817 | after | 1248 | 955 |  |  | -
 row | 10.1079 | 10.1720 | 0.02827 | 0.4805 | 0.05884 | 0.02275 | 0.03074 | 0.4953 | 0.4817 | after | 1264 | 955 |  |  | -
 row | 10.1099 | 10.1740 | 0.02831 | 0.4811 | 0.05884 | 0.02276 | 0.03074 | 0.4953 | 0.4817 | after | 1280 | 955 |  |  | -
 row | 10.1119 | 10.1760 | 0.02870 | 0.4877 | 0.05884 | 0.02276 | 0.03074 | 0.4953 | 0.4817 | after | 1296 | 955 |  |  | -
 row | 10.1139 | 10.1780 | 0.03017 | 0.5127 | 0.05884 | 0.02277 | 0.03073 | 0.4953 | 0.4817 | tone | 1312 | 955 | down |  | -
 row | 10.1159 | 10.1800 | 0.03015 | 0.5125 | 0.05884 | 0.02278 | 0.03073 | 0.4953 | 0.4818 | tone | 1328 | 955 |  |  | -
 row | 10.1179 | 10.1820 | 0.02981 | 0.5067 | 0.05884 | 0.02278 | 0.03073 | 0.4953 | 0.4818 | tone | 1344 | 955 |  |  | -
 row | 10.1199 | 10.1840 | 0.02947 | 0.5008 | 0.05884 | 0.02279 | 0.03073 | 0.4953 | 0.4818 | tone | 1360 | 955 |  |  | -
 row | 10.1219 | 10.1860 | 0.02865 | 0.4869 | 0.05884 | 0.02280 | 0.03073 | 0.4953 | 0.4818 | tone | 1376 | 955 |  |  | -
 row | 10.1239 | 10.1880 | 0.02676 | 0.4548 | 0.05884 | 0.02280 | 0.03073 | 0.4953 | 0.4818 | idle | 1392 | 955 | spike 80 |  | -
 row | 10.1259 | 10.1900 | 0.02573 | 0.4374 | 0.05884 | 0.02280 | 0.03072 | 0.4952 | 0.4817 | idle | 1408 | 955 |  |  | -
 row | 10.1279 | 10.1920 | 0.02624 | 0.4460 | 0.05884 | 0.02281 | 0.03072 | 0.4952 | 0.4817 | idle | 1424 | 955 |  |  | -
 row | 10.1299 | 10.1940 | 0.02717 | 0.4617 | 0.05884 | 0.02281 | 0.03071 | 0.4951 | 0.4817 | idle | 1440 | 955 |  |  | -
 row | 10.1319 | 10.1960 | 0.02887 | 0.4907 | 0.05884 | 0.02282 | 0.03071 | 0.4951 | 0.4817 | idle | 1456 | 955 |  |  | -
 row | 10.1339 | 10.1980 | 0.02748 | 0.4671 | 0.05884 | 0.02282 | 0.03071 | 0.4951 | 0.4817 | idle | 1472 | 955 |  |  | -
 row | 10.1359 | 10.2000 | 0.03068 | 0.5215 | 0.05884 | 0.02283 | 0.03071 | 0.4951 | 0.4817 | tone | 0 | 955 | down |  | 
 row | 10.1379 | 10.2020 | 0.04332 | 0.7365 | 0.05882 | 0.02283 | 0.03072 | 0.4954 | 0.4820 | tone | 16 | 955 |  |  | 
 row | 10.1399 | 10.2040 | 0.05801 | 0.9863 | 0.05882 | 0.02283 | 0.03075 | 0.4958 | 0.4823 | tone | 32 | 955 |  |  | 
 row | 10.1419 | 10.2060 | 0.07124 | 1.2098 | 0.05888 | 0.02283 | 0.03079 | 0.4958 | 0.4823 | tone | 48 | 955 |  |  | 
 row | 10.1439 | 10.2080 | 0.08410 | 1.4252 | 0.05901 | 0.02283 | 0.03084 | 0.4955 | 0.4819 | tone | 64 | 955 |  |  | 
 row | 10.1459 | 10.2100 | 0.09802 | 1.6556 | 0.05921 | 0.02283 | 0.03091 | 0.4948 | 0.4811 | tone | 80 | 955 |  |  | 
 row | 10.1479 | 10.2120 | 0.11217 | 1.8862 | 0.05947 | 0.02283 | 0.03099 | 0.4937 | 0.4799 | tone | 96 | 955 |  |  | 
 row | 10.1499 | 10.2140 | 0.12519 | 2.0935 | 0.05980 | 0.02283 | 0.03108 | 0.4922 | 0.4784 | tone | 112 | 955 |  |  | 
 row | 10.1519 | 10.2160 | 0.13962 | 2.3194 | 0.06020 | 0.02283 | 0.03119 | 0.4904 | 0.4765 | tone | 128 | 955 |  |  | 
 row | 10.1539 | 10.2180 | 0.15427 | 2.5429 | 0.06067 | 0.02283 | 0.03132 | 0.4882 | 0.4742 | tone | 144 | 955 |  |  | 
 row | 10.1559 | 10.2200 | 0.16831 | 2.7498 | 0.06121 | 0.02283 | 0.03145 | 0.4857 | 0.4716 | tone | 160 | 955 |  |  | 
 row | 10.1579 | 10.2220 | 0.18320 | 2.9636 | 0.06182 | 0.02283 | 0.03160 | 0.4829 | 0.4687 | tone | 176 | 955 |  |  | 
 row | 10.1599 | 10.2240 | 0.19810 | 3.1696 | 0.06250 | 0.02283 | 0.03177 | 0.4797 | 0.4654 | tone | 192 | 955 |  |  | 
 row | 10.1619 | 10.2260 | 0.21166 | 3.3468 | 0.06324 | 0.02283 | 0.03195 | 0.4764 | 0.4619 | tone | 208 | 955 |  |  | 
 row | 10.1639 | 10.2280 | 0.22511 | 3.5144 | 0.06405 | 0.02283 | 0.03214 | 0.4727 | 0.4582 | tone | 224 | 955 |  |  | 
 row | 10.1659 | 10.2300 | 0.24144 | 3.7178 | 0.06494 | 0.02283 | 0.03235 | 0.4689 | 0.4542 | tone | 240 | 955 |  |  | 
 row | 10.1679 | 10.2320 | 0.25304 | 3.8408 | 0.06588 | 0.02283 | 0.03257 | 0.4649 | 0.4501 | tone | 256 | 955 |  |  | 
 row | 10.1699 | 10.2340 | 0.25516 | 3.8181 | 0.06683 | 0.02283 | 0.03280 | 0.4609 | 0.4460 | tone | 272 | 955 |  |  | 
 row | 10.1719 | 10.2360 | 0.25387 | 3.7464 | 0.06776 | 0.02283 | 0.03302 | 0.4572 | 0.4421 | tone | 288 | 955 |  |  | 
 row | 10.1739 | 10.2380 | 0.25472 | 3.7079 | 0.06870 | 0.02283 | 0.03324 | 0.4535 | 0.4384 | tone | 304 | 955 |  |  | 
 row | 10.1759 | 10.2400 | 0.25538 | 3.6676 | 0.06963 | 0.02283 | 0.03346 | 0.4500 | 0.4347 | tone | 320 | 955 |  |  | 
 row | 10.1779 | 10.2420 | 0.25382 | 3.5977 | 0.07055 | 0.02283 | 0.03368 | 0.4466 | 0.4313 | tone | 336 | 955 |  |  | 
 row | 10.1799 | 10.2440 | 0.25311 | 3.5418 | 0.07146 | 0.02283 | 0.03390 | 0.4434 | 0.4279 | tone | 352 | 955 |  |  | 
 row | 10.1819 | 10.2460 | 0.25499 | 3.5228 | 0.07238 | 0.02283 | 0.03412 | 0.4402 | 0.4246 | tone | 368 | 955 |  |  | 
 row | 10.1839 | 10.2480 | 0.25698 | 3.5056 | 0.07330 | 0.02283 | 0.03435 | 0.4371 | 0.4214 | tone | 384 | 955 |  |  | 
 row | 10.1859 | 10.2500 | 0.25700 | 3.4626 | 0.07422 | 0.02283 | 0.03457 | 0.4341 | 0.4183 | tone | 400 | 955 |  |  | 
 row | 10.1879 | 10.2520 | 0.25583 | 3.4050 | 0.07513 | 0.02283 | 0.03479 | 0.4312 | 0.4153 | tone | 416 | 955 |  |  | 
 row | 10.1899 | 10.2540 | 0.25528 | 3.3576 | 0.07603 | 0.02283 | 0.03501 | 0.4284 | 0.4124 | tone | 432 | 955 |  |  | 
 row | 10.1919 | 10.2560 | 0.25599 | 3.3274 | 0.07693 | 0.02283 | 0.03523 | 0.4257 | 0.4096 | tone | 448 | 955 |  |  | 
 row | 10.1939 | 10.2580 | 0.25746 | 3.3077 | 0.07783 | 0.02283 | 0.03545 | 0.4231 | 0.4068 | tone | 464 | 955 |  |  | 
 row | 10.1959 | 10.2600 | 0.25802 | 3.2771 | 0.07874 | 0.02283 | 0.03568 | 0.4205 | 0.4042 | tone | 480 | 955 |  |  | 
 row | 10.1979 | 10.2620 | 0.25641 | 3.2203 | 0.07962 | 0.02283 | 0.03590 | 0.4180 | 0.4016 | tone | 496 | 955 |  |  | 
 row | 10.1999 | 10.2640 | 0.25321 | 3.1458 | 0.08049 | 0.02283 | 0.03611 | 0.4157 | 0.3991 | tone | 512 | 955 |  |  | 
 row | 10.2019 | 10.2660 | 0.25084 | 3.0837 | 0.08134 | 0.02283 | 0.03633 | 0.4134 | 0.3968 | tone | 528 | 955 |  |  | 
 row | 10.2039 | 10.2680 | 0.25085 | 3.0520 | 0.08219 | 0.02283 | 0.03654 | 0.4112 | 0.3946 | tone | 544 | 955 |  |  | 
 row | 10.2059 | 10.2700 | 0.25146 | 3.0283 | 0.08304 | 0.02283 | 0.03676 | 0.4091 | 0.3923 | tone | 560 | 955 |  |  | 
 row | 10.2079 | 10.2720 | 0.25056 | 2.9872 | 0.08388 | 0.02283 | 0.03697 | 0.4071 | 0.3902 | tone | 576 | 955 |  |  | 
 row | 10.2099 | 10.2740 | 0.24929 | 2.9432 | 0.08470 | 0.02283 | 0.03718 | 0.4051 | 0.3882 | tone | 592 | 955 |  |  | 
 row | 10.2119 | 10.2760 | 0.24922 | 2.9141 | 0.08552 | 0.02283 | 0.03740 | 0.4032 | 0.3862 | tone | 608 | 955 |  |  | 
 row | 10.2139 | 10.2780 | 0.24896 | 2.8834 | 0.08634 | 0.02283 | 0.03761 | 0.4013 | 0.3842 | tone | 624 | 955 |  |  | 
 row | 10.2159 | 10.2800 | 0.24767 | 2.8419 | 0.08715 | 0.02283 | 0.03782 | 0.3995 | 0.3823 | tone | 640 | 955 |  |  | 
 row | 10.2179 | 10.2820 | 0.24751 | 2.8142 | 0.08795 | 0.02283 | 0.03803 | 0.3978 | 0.3805 | tone | 656 | 955 |  |  | 
 row | 10.2199 | 10.2840 | 0.24915 | 2.8072 | 0.08876 | 0.02283 | 0.03824 | 0.3961 | 0.3787 | tone | 672 | 955 |  |  | 
 row | 10.2219 | 10.2860 | 0.24992 | 2.7905 | 0.08956 | 0.02283 | 0.03845 | 0.3944 | 0.3770 | tone | 688 | 955 |  |  | 
 row | 10.2239 | 10.2880 | 0.24905 | 2.7562 | 0.09036 | 0.02283 | 0.03866 | 0.3928 | 0.3753 | tone | 704 | 955 |  |  | 
 row | 10.2259 | 10.2900 | 0.24833 | 2.7245 | 0.09115 | 0.02283 | 0.03887 | 0.3912 | 0.3736 | tone | 720 | 955 |  |  | 
 row | 10.2279 | 10.2920 | 0.24824 | 2.7001 | 0.09193 | 0.02283 | 0.03908 | 0.3897 | 0.3720 | tone | 736 | 955 |  |  | 
 row | 10.2299 | 10.2940 | 0.24804 | 2.6753 | 0.09272 | 0.02283 | 0.03929 | 0.3882 | 0.3705 | tone | 752 | 955 |  |  | 
 row | 10.2319 | 10.2960 | 0.24932 | 2.6666 | 0.09350 | 0.02283 | 0.03950 | 0.3868 | 0.3690 | tone | 768 | 955 |  |  | 
 row | 10.2339 | 10.2980 | 0.25318 | 2.6849 | 0.09430 | 0.02283 | 0.03971 | 0.3853 | 0.3674 | tone | 784 | 955 |  |  | 
 row | 10.2359 | 10.3000 | 0.25620 | 2.6938 | 0.09511 | 0.02283 | 0.03993 | 0.3839 | 0.3659 | tone | 800 | 955 |  |  | 
 row | 10.2379 | 10.3020 | 0.25558 | 2.6649 | 0.09591 | 0.02283 | 0.04014 | 0.3825 | 0.3644 | tone | 816 | 955 |  |  | 
 row | 10.2399 | 10.3040 | 0.25430 | 2.6298 | 0.09670 | 0.02283 | 0.04036 | 0.3811 | 0.3630 | tone | 832 | 955 |  |  | 
 row | 10.2419 | 10.3060 | 0.25529 | 2.6185 | 0.09749 | 0.02283 | 0.04057 | 0.3798 | 0.3616 | tone | 848 | 955 |  |  | 
 row | 10.2439 | 10.3080 | 0.25593 | 2.6039 | 0.09829 | 0.02283 | 0.04079 | 0.3785 | 0.3602 | tone | 864 | 955 |  |  | 
 row | 10.2459 | 10.3100 | 0.25383 | 2.5623 | 0.09906 | 0.02283 | 0.04100 | 0.3772 | 0.3589 | tone | 880 | 955 |  |  | 
 row | 10.2479 | 10.3120 | 0.25169 | 2.5212 | 0.09983 | 0.02283 | 0.04121 | 0.3760 | 0.3576 | tone | 896 | 955 |  |  | 
 row | 10.2499 | 10.3140 | 0.25207 | 2.5060 | 0.10059 | 0.02283 | 0.04142 | 0.3748 | 0.3564 | tone | 912 | 955 |  |  | 
 row | 10.2519 | 10.3160 | 0.25369 | 2.5030 | 0.10135 | 0.02283 | 0.04164 | 0.3737 | 0.3551 | tone | 928 | 955 |  |  | 
 row | 10.2539 | 10.3180 | 0.25427 | 2.4899 | 0.10212 | 0.02283 | 0.04185 | 0.3726 | 0.3539 | tone | 944 | 955 |  |  | 
 row | 10.2559 | 10.3200 | 0.25342 | 2.4634 | 0.10287 | 0.02283 | 0.04206 | 0.3715 | 0.3528 | tone | 960 | 955 |  |  | 
 row | 10.2579 | 10.3220 | 0.25157 | 2.4279 | 0.10362 | 0.02283 | 0.04227 | 0.3704 | 0.3516 | tone | 976 | 955 |  |  | 
 row | 10.2599 | 10.3240 | 0.25031 | 2.3988 | 0.10435 | 0.02283 | 0.04248 | 0.3694 | 0.3506 | tone | 992 | 955 |  |  | 
 row | 10.2619 | 10.3260 | 0.25134 | 2.3917 | 0.10509 | 0.02283 | 0.04269 | 0.3684 | 0.3495 | tone | 1008 | 955 |  |  | 
 row | 10.2639 | 10.3280 | 0.25248 | 2.3859 | 0.10582 | 0.02283 | 0.04290 | 0.3674 | 0.3485 | tone | 1024 | 955 |  |  | 
 row | 10.2659 | 10.3300 | 0.25046 | 2.3507 | 0.10655 | 0.02283 | 0.04310 | 0.3665 | 0.3475 | tone | 1040 | 955 |  |  | 
 row | 10.2679 | 10.3320 | 0.24768 | 2.3093 | 0.10725 | 0.02283 | 0.04331 | 0.3656 | 0.3465 | tone | 1056 | 955 |  |  | 
 row | 10.2699 | 10.3340 | 0.24898 | 2.3062 | 0.10796 | 0.02283 | 0.04351 | 0.3647 | 0.3456 | tone | 1072 | 955 |  |  | 
 row | 10.2719 | 10.3360 | 0.25246 | 2.3229 | 0.10868 | 0.02283 | 0.04372 | 0.3638 | 0.3446 | tone | 1088 | 955 |  |  | 
 row | 10.2739 | 10.3380 | 0.25260 | 2.3089 | 0.10940 | 0.02283 | 0.04393 | 0.3630 | 0.3437 | tone | 1104 | 955 |  |  | 
 row | 10.2759 | 10.3400 | 0.24990 | 2.2697 | 0.11011 | 0.02283 | 0.04414 | 0.3622 | 0.3428 | tone | 1120 | 955 |  |  | 
 row | 10.2779 | 10.3420 | 0.24942 | 2.2511 | 0.11080 | 0.02283 | 0.04434 | 0.3614 | 0.3419 | tone | 1136 | 955 |  |  | 
 row | 10.2799 | 10.3440 | 0.25111 | 2.2520 | 0.11150 | 0.02283 | 0.04455 | 0.3606 | 0.3411 | tone | 1152 | 955 |  |  | 
 row | 10.2819 | 10.3460 | 0.25088 | 2.2360 | 0.11220 | 0.02283 | 0.04476 | 0.3598 | 0.3403 | tone | 1168 | 955 |  |  | 
 row | 10.2839 | 10.3480 | 0.24845 | 2.2010 | 0.11288 | 0.02283 | 0.04496 | 0.3591 | 0.3395 | tone | 1184 | 955 |  |  | 
 row | 10.2859 | 10.3500 | 0.24790 | 2.1830 | 0.11356 | 0.02283 | 0.04516 | 0.3584 | 0.3387 | tone | 1200 | 955 |  |  | 
 row | 10.2879 | 10.3520 | 0.25071 | 2.1945 | 0.11424 | 0.02283 | 0.04537 | 0.3577 | 0.3379 | tone | 1216 | 955 |  |  | 
 row | 10.2899 | 10.3540 | 0.25402 | 2.2100 | 0.11494 | 0.02283 | 0.04558 | 0.3569 | 0.3372 | tone | 1232 | 955 |  |  | 
 row | 10.2919 | 10.3560 | 0.25484 | 2.2037 | 0.11564 | 0.02283 | 0.04579 | 0.3562 | 0.3364 | tone | 1248 | 955 |  |  | 
 row | 10.2939 | 10.3580 | 0.25291 | 2.1742 | 0.11633 | 0.02283 | 0.04599 | 0.3556 | 0.3356 | tone | 1264 | 955 |  |  | 
 row | 10.2959 | 10.3600 | 0.25067 | 2.1425 | 0.11700 | 0.02283 | 0.04620 | 0.3549 | 0.3349 | tone | 1280 | 955 |  |  | 
 row | 10.2979 | 10.3620 | 0.25011 | 2.1256 | 0.11766 | 0.02283 | 0.04640 | 0.3543 | 0.3343 | tone | 1296 | 955 |  |  | 
 row | 10.2999 | 10.3640 | 0.25107 | 2.1217 | 0.11833 | 0.02283 | 0.04661 | 0.3537 | 0.3336 | tone | 1312 | 955 |  |  | 
 row | 10.3019 | 10.3660 | 0.25215 | 2.1189 | 0.11900 | 0.02283 | 0.04681 | 0.3531 | 0.3329 | tone | 1328 | 955 |  |  | 
 row | 10.3039 | 10.3680 | 0.25294 | 2.1137 | 0.11967 | 0.02283 | 0.04702 | 0.3525 | 0.3323 | tone | 1344 | 955 |  |  | 
 row | 10.3059 | 10.3700 | 0.25477 | 2.1170 | 0.12035 | 0.02283 | 0.04723 | 0.3519 | 0.3316 | tone | 1360 | 955 |  |  | 
 row | 10.3079 | 10.3720 | 0.25807 | 2.1322 | 0.12103 | 0.02283 | 0.04744 | 0.3513 | 0.3309 | tone | 1376 | 955 |  |  | 
 row | 10.3099 | 10.3740 | 0.26097 | 2.1438 | 0.12173 | 0.02283 | 0.04765 | 0.3506 | 0.3303 | tone | 1392 | 955 |  |  | 
 row | 10.3119 | 10.3760 | 0.26163 | 2.1369 | 0.12243 | 0.02283 | 0.04786 | 0.3500 | 0.3296 | tone | 1408 | 955 |  |  | 
 row | 10.3139 | 10.3780 | 0.26091 | 2.1190 | 0.12313 | 0.02283 | 0.04808 | 0.3495 | 0.3290 | tone | 1424 | 955 |  |  | 
 row | 10.3159 | 10.3800 | 0.26066 | 2.1052 | 0.12381 | 0.02283 | 0.04829 | 0.3489 | 0.3283 | tone | 1440 | 955 |  |  | 
 row | 10.3179 | 10.3820 | 0.26029 | 2.0908 | 0.12450 | 0.02283 | 0.04850 | 0.3483 | 0.3277 | tone | 1456 | 955 |  |  | 
 row | 10.3199 | 10.3840 | 0.25866 | 2.0665 | 0.12517 | 0.02283 | 0.04871 | 0.3478 | 0.3271 | tone | 1472 | 955 |  |  | 
 row | 10.3219 | 10.3860 | 0.25652 | 2.0387 | 0.12582 | 0.02283 | 0.04892 | 0.3473 | 0.3266 | tone | 1488 | 955 |  |  | 
 row | 10.3239 | 10.3880 | 0.25576 | 2.0222 | 0.12647 | 0.02283 | 0.04913 | 0.3468 | 0.3261 | tone | 1504 | 955 |  |  | 
 row | 10.3259 | 10.3900 | 0.25718 | 2.0230 | 0.12713 | 0.02283 | 0.04933 | 0.3464 | 0.3255 | tone | 1520 | 955 |  |  | 
 row | 10.3279 | 10.3920 | 0.25856 | 2.0234 | 0.12778 | 0.02283 | 0.04954 | 0.3459 | 0.3250 | tone | 1536 | 955 |  |  | 
 row | 10.3299 | 10.3940 | 0.25483 | 1.9844 | 0.12842 | 0.02283 | 0.04975 | 0.3455 | 0.3245 | tone | 1552 | 955 |  |  | 
 row | 10.3319 | 10.3960 | 0.24280 | 1.8823 | 0.12899 | 0.02283 | 0.04994 | 0.3451 | 0.3241 | tone | 1568 | 955 |  |  | 
 row | 10.3339 | 10.3980 | 0.22604 | 1.7458 | 0.12948 | 0.02283 | 0.05012 | 0.3449 | 0.3239 | tone | 1584 | 955 |  |  | 
 row | 10.3359 | 10.4000 | 0.21004 | 1.6172 | 0.12988 | 0.02283 | 0.05028 | 0.3448 | 0.3237 | tone | 1600 | 955 |  |  | 
 row | 10.3379 | 10.4020 | 0.19441 | 1.4932 | 0.13020 | 0.02283 | 0.05042 | 0.3449 | 0.3237 | tone | 1616 | 955 |  |  | 
 row | 10.3399 | 10.4040 | 0.18014 | 1.3809 | 0.13045 | 0.02283 | 0.05055 | 0.3450 | 0.3238 | tone | 1632 | 955 |  |  | 
 row | 10.3419 | 10.4060 | 0.16496 | 1.2629 | 0.13062 | 0.02283 | 0.05067 | 0.3453 | 0.3239 | tone | 1648 | 955 |  |  | 
 row | 10.3439 | 10.4080 | 0.15003 | 1.1477 | 0.13072 | 0.02283 | 0.05077 | 0.3456 | 0.3242 | tone | 1664 | 955 |  |  | 
 row | 10.3459 | 10.4100 | 0.13713 | 1.0488 | 0.13075 | 0.02283 | 0.05085 | 0.3461 | 0.3246 | tone | 1680 | 955 |  |  | 
 row | 10.3479 | 10.4120 | 0.12346 | 0.9443 | 0.13075 | 0.02283 | 0.05092 | 0.3465 | 0.3250 | tone | 1696 | 955 |  |  | 
 row | 10.3499 | 10.4140 | 0.10817 | 0.8275 | 0.13072 | 0.02283 | 0.05098 | 0.3469 | 0.3254 | tone | 1712 | 955 |  |  | 
 row | 10.3519 | 10.4160 | 0.09265 | 0.7089 | 0.13069 | 0.02283 | 0.05102 | 0.3473 | 0.3257 | tone | 1728 | 955 |  |  | 
 row | 10.3539 | 10.4180 | 0.07987 | 0.6114 | 0.13063 | 0.02283 | 0.05105 | 0.3476 | 0.3260 | tone | 1744 | 955 |  |  | 
 row | 10.3559 | 10.4200 | 0.06812 | 0.5217 | 0.13057 | 0.02283 | 0.05107 | 0.3479 | 0.3262 | tone | 1760 | 955 |  |  | 
 row | 10.3579 | 10.4220 | 0.05263 | 0.4033 | 0.13049 | 0.02283 | 0.05107 | 0.3481 | 0.3264 | tone | 1776 | 955 |  |  | 
 row | 10.3599 | 10.4240 | 0.03653 | 0.2799 | 0.13049 | 0.02284 | 0.05106 | 0.3480 | 0.3264 | after | 1792 | 955 | up 1792 |  | -
 row | 10.3619 | 10.4260 | 0.02628 | 0.2014 | 0.13049 | 0.02285 | 0.05103 | 0.3479 | 0.3263 | after | 1808 | 955 |  |  | -
 row | 10.3639 | 10.4280 | 0.02448 | 0.1876 | 0.13049 | 0.02285 | 0.05101 | 0.3477 | 0.3261 | after | 1824 | 955 |  |  | -
 row | 10.3659 | 10.4300 | 0.02555 | 0.1958 | 0.13049 | 0.02285 | 0.05098 | 0.3476 | 0.3260 | after | 1840 | 955 |  |  | -
 row | 10.3679 | 10.4320 | 0.02397 | 0.1837 | 0.13049 | 0.02285 | 0.05095 | 0.3474 | 0.3259 | after | 1856 | 955 |  |  | -
 row | 10.3699 | 10.4340 | 0.02454 | 0.1881 | 0.13049 | 0.02285 | 0.05093 | 0.3472 | 0.3257 | after | 1872 | 955 |  |  | -
 row | 10.3719 | 10.4360 | 0.02559 | 0.1961 | 0.13049 | 0.02286 | 0.05090 | 0.3471 | 0.3256 | after | 1888 | 955 |  |  | -
 row | 10.3739 | 10.4380 | 0.02648 | 0.2029 | 0.13049 | 0.02286 | 0.05088 | 0.3469 | 0.3255 | after | 1904 | 955 |  |  | -
 row | 10.3759 | 10.4400 | 0.02678 | 0.2052 | 0.13049 | 0.02286 | 0.05085 | 0.3468 | 0.3253 | after | 1920 | 955 |  |  | -
 row | 10.3779 | 10.4420 | 0.02581 | 0.1978 | 0.13049 | 0.02287 | 0.05083 | 0.3466 | 0.3252 | after | 1936 | 955 |  |  | -
 row | 10.3799 | 10.4440 | 0.02673 | 0.2048 | 0.13049 | 0.02287 | 0.05080 | 0.3465 | 0.3251 | after | 1952 | 955 |  |  | -
 row | 10.3819 | 10.4460 | 0.02734 | 0.2095 | 0.13049 | 0.02288 | 0.05078 | 0.3464 | 0.3250 | after | 1968 | 955 |  |  | -
 row | 10.3839 | 10.4480 | 0.02825 | 0.2165 | 0.13049 | 0.02288 | 0.05076 | 0.3462 | 0.3249 | after | 1984 | 955 |  |  | -
 row | 10.3859 | 10.4500 | 0.02922 | 0.2239 | 0.13049 | 0.02289 | 0.05074 | 0.3461 | 0.3248 | after | 2000 | 955 |  |  | -
 row | 10.3879 | 10.4520 | 0.02960 | 0.2268 | 0.13049 | 0.02289 | 0.05071 | 0.3460 | 0.3247 | after | 2016 | 955 |  |  | -
 row | 10.3899 | 10.4540 | 0.02989 | 0.2291 | 0.13049 | 0.02290 | 0.05069 | 0.3459 | 0.3246 | after | 2032 | 955 |  |  | -
 row | 10.3919 | 10.4560 | 0.03215 | 0.2464 | 0.13049 | 0.02291 | 0.05068 | 0.3458 | 0.3245 | after | 2048 | 955 |  |  | -
 row | 10.3939 | 10.4580 | 0.03219 | 0.2467 | 0.13049 | 0.02292 | 0.05066 | 0.3457 | 0.3244 | after | 2064 | 955 |  |  | -
 row | 10.3959 | 10.4600 | 0.03047 | 0.2335 | 0.13049 | 0.02293 | 0.05064 | 0.3456 | 0.3243 | after | 2080 | 955 |  |  | -
 row | 10.3979 | 10.4620 | 0.02945 | 0.2257 | 0.13049 | 0.02293 | 0.05062 | 0.3454 | 0.3242 | after | 2096 | 955 |  |  | -
 row | 10.3999 | 10.4640 | 0.02979 | 0.2283 | 0.13049 | 0.02294 | 0.05059 | 0.3453 | 0.3241 | after | 2112 | 955 |  |  | -
 row | 10.4019 | 10.4660 | 0.03342 | 0.2561 | 0.13049 | 0.02295 | 0.05058 | 0.3452 | 0.3241 | after | 2128 | 955 |  |  | -
 row | 10.4039 | 10.4680 | 0.04262 | 0.3266 | 0.13049 | 0.02297 | 0.05057 | 0.3452 | 0.3241 | after | 2144 | 955 |  |  | -
 row | 10.4059 | 10.4700 | 0.05592 | 0.4287 | 0.13042 | 0.02297 | 0.05057 | 0.3455 | 0.3243 | tone | 2160 | 955 | down |  | -
 row | 10.4079 | 10.4720 | 0.06993 | 0.5364 | 0.13036 | 0.02297 | 0.05059 | 0.3457 | 0.3245 | tone | 2176 | 955 |  |  | -
 row | 10.4099 | 10.4740 | 0.08492 | 0.6517 | 0.13031 | 0.02297 | 0.05063 | 0.3461 | 0.3248 | tone | 2192 | 955 |  |  | -
 row | 10.4119 | 10.4760 | 0.10108 | 0.7758 | 0.13028 | 0.02297 | 0.05068 | 0.3465 | 0.3252 | tone | 2208 | 955 |  |  | -
 row | 10.4139 | 10.4780 | 0.11820 | 0.9074 | 0.13027 | 0.02297 | 0.05075 | 0.3469 | 0.3256 | tone | 2224 | 955 |  |  | -
 row | 10.4159 | 10.4800 | 0.13139 | 1.0086 | 0.13028 | 0.02297 | 0.05083 | 0.3474 | 0.3260 | tone | 2240 | 955 |  |  | -
 row | 10.4179 | 10.4820 | 0.14156 | 1.0861 | 0.13033 | 0.02297 | 0.05092 | 0.3478 | 0.3263 | tone | 2256 | 955 |  |  | -
 row | 10.4199 | 10.4840 | 0.15454 | 1.1846 | 0.13046 | 0.02297 | 0.05102 | 0.3481 | 0.3266 | tone | 2272 | 955 |  |  | -
 row | 10.4219 | 10.4860 | 0.17102 | 1.3089 | 0.13066 | 0.02297 | 0.05114 | 0.3483 | 0.3267 | tone | 2288 | 955 |  |  | -
 row | 10.4239 | 10.4880 | 0.18328 | 1.3999 | 0.13092 | 0.02297 | 0.05127 | 0.3484 | 0.3268 | tone | 2304 | 955 |  |  | -
 row | 10.4259 | 10.4900 | 0.19578 | 1.4917 | 0.13125 | 0.02297 | 0.05142 | 0.3484 | 0.3267 | tone | 2320 | 955 |  |  | -
 row | 10.4279 | 10.4920 | 0.21034 | 1.5978 | 0.13164 | 0.02297 | 0.05158 | 0.3483 | 0.3266 | tone | 2336 | 955 |  |  | -
 row | 10.4299 | 10.4940 | 0.22437 | 1.6984 | 0.13210 | 0.02297 | 0.05175 | 0.3482 | 0.3264 | tone | 2352 | 955 |  |  | -
 row | 10.4319 | 10.4960 | 0.23867 | 1.7994 | 0.13264 | 0.02297 | 0.05194 | 0.3479 | 0.3261 | tone | 2368 | 955 |  |  | -
 row | 10.4339 | 10.4980 | 0.25043 | 1.8797 | 0.13323 | 0.02297 | 0.05214 | 0.3475 | 0.3257 | tone | 2384 | 955 |  |  | -
 row | 10.4359 | 10.5000 | 0.25570 | 1.9105 | 0.13384 | 0.02297 | 0.05234 | 0.3472 | 0.3252 | tone | 2400 | 955 |  |  | -
 row | 10.4379 | 10.5020 | 0.25520 | 1.8982 | 0.13445 | 0.02297 | 0.05254 | 0.3468 | 0.3248 | tone | 2416 | 955 |  |  | -
 row | 10.4399 | 10.5040 | 0.25518 | 1.8895 | 0.13505 | 0.02297 | 0.05274 | 0.3465 | 0.3244 | tone | 2432 | 955 |  |  | -
 row | 10.4419 | 10.5060 | 0.25714 | 1.8955 | 0.13566 | 0.02297 | 0.05295 | 0.3461 | 0.3240 | tone | 2448 | 955 |  |  | -
 row | 10.4439 | 10.5080 | 0.25605 | 1.8791 | 0.13626 | 0.02297 | 0.05315 | 0.3458 | 0.3236 | tone | 2464 | 955 |  |  | -
 row | 10.4459 | 10.5100 | 0.25335 | 1.8514 | 0.13685 | 0.02297 | 0.05335 | 0.3455 | 0.3233 | tone | 2480 | 955 |  |  | -
 row | 10.4479 | 10.5120 | 0.25559 | 1.8596 | 0.13744 | 0.02297 | 0.05355 | 0.3451 | 0.3229 | tone | 2496 | 955 |  |  | -
 row | 10.4499 | 10.5140 | 0.25945 | 1.8794 | 0.13805 | 0.02297 | 0.05376 | 0.3448 | 0.3225 | tone | 2512 | 955 |  |  | -
 row | 10.4519 | 10.5160 | 0.25810 | 1.8615 | 0.13865 | 0.02297 | 0.05396 | 0.3445 | 0.3221 | tone | 2528 | 955 |  |  | -
 row | 10.4539 | 10.5180 | 0.25528 | 1.8335 | 0.13923 | 0.02297 | 0.05417 | 0.3442 | 0.3218 | tone | 2544 | 955 |  |  | -
 row | 10.4559 | 10.5200 | 0.25699 | 1.8379 | 0.13982 | 0.02297 | 0.05437 | 0.3439 | 0.3215 | tone | 2560 | 955 |  |  | -
 row | 10.4579 | 10.5220 | 0.25987 | 1.8506 | 0.14042 | 0.02297 | 0.05457 | 0.3436 | 0.3211 | tone | 2576 | 955 |  |  | -
 row | 10.4599 | 10.5240 | 0.26054 | 1.8475 | 0.14102 | 0.02297 | 0.05478 | 0.3433 | 0.3208 | tone | 2592 | 955 |  |  | -
 row | 10.4619 | 10.5260 | 0.26161 | 1.8472 | 0.14163 | 0.02297 | 0.05499 | 0.3430 | 0.3204 | tone | 2608 | 955 |  |  | -
 row | 10.4639 | 10.5280 | 0.26174 | 1.8403 | 0.14223 | 0.02297 | 0.05519 | 0.3428 | 0.3201 | tone | 2624 | 955 |  |  | -
 row | 10.4659 | 10.5300 | 0.25764 | 1.8042 | 0.14280 | 0.02297 | 0.05540 | 0.3425 | 0.3198 | tone | 2640 | 955 |  |  | -
 row | 10.4679 | 10.5320 | 0.25415 | 1.7728 | 0.14336 | 0.02297 | 0.05560 | 0.3423 | 0.3195 | tone | 2656 | 955 |  |  | -
 row | 10.4699 | 10.5340 | 0.25559 | 1.7759 | 0.14392 | 0.02297 | 0.05580 | 0.3421 | 0.3193 | tone | 2672 | 955 |  |  | -
 row | 10.4719 | 10.5360 | 0.25653 | 1.7755 | 0.14449 | 0.02297 | 0.05600 | 0.3418 | 0.3190 | tone | 2688 | 955 |  |  | -
 row | 10.4739 | 10.5380 | 0.25316 | 1.7456 | 0.14503 | 0.02297 | 0.05619 | 0.3416 | 0.3187 | tone | 2704 | 955 |  |  | -
 row | 10.4759 | 10.5400 | 0.25033 | 1.7198 | 0.14556 | 0.02297 | 0.05639 | 0.3415 | 0.3185 | tone | 2720 | 955 |  |  | -
 row | 10.4779 | 10.5420 | 0.24960 | 1.7087 | 0.14608 | 0.02297 | 0.05658 | 0.3413 | 0.3183 | tone | 2736 | 955 |  |  | -
 row | 10.4799 | 10.5440 | 0.24717 | 1.6862 | 0.14658 | 0.02297 | 0.05677 | 0.3412 | 0.3181 | tone | 2752 | 955 |  |  | -
 row | 10.4819 | 10.5460 | 0.24442 | 1.6620 | 0.14707 | 0.02297 | 0.05696 | 0.3411 | 0.3180 | tone | 2768 | 955 |  |  | -
 row | 10.4839 | 10.5480 | 0.24488 | 1.6595 | 0.14756 | 0.02297 | 0.05715 | 0.3410 | 0.3178 | tone | 2784 | 955 |  |  | -
 row | 10.4859 | 10.5500 | 0.24549 | 1.6582 | 0.14805 | 0.02297 | 0.05733 | 0.3408 | 0.3176 | tone | 2800 | 955 |  |  | -
 row | 10.4879 | 10.5520 | 0.24328 | 1.6380 | 0.14852 | 0.02297 | 0.05752 | 0.3408 | 0.3175 | tone | 2816 | 955 |  |  | -
 row | 10.4899 | 10.5540 | 0.24120 | 1.6189 | 0.14899 | 0.02297 | 0.05770 | 0.3407 | 0.3174 | tone | 2832 | 955 |  |  | -
 row | 10.4919 | 10.5560 | 0.24144 | 1.6155 | 0.14945 | 0.02297 | 0.05789 | 0.3406 | 0.3172 | tone | 2848 | 955 |  |  | -
 row | 10.4939 | 10.5580 | 0.24254 | 1.6178 | 0.14992 | 0.02297 | 0.05807 | 0.3405 | 0.3171 | tone | 2864 | 955 |  |  | -
 row | 10.4959 | 10.5600 | 0.24457 | 1.6263 | 0.15039 | 0.02297 | 0.05826 | 0.3405 | 0.3170 | tone | 2880 | 955 |  |  | -
 row | 10.4979 | 10.5620 | 0.24728 | 1.6390 | 0.15087 | 0.02297 | 0.05845 | 0.3404 | 0.3169 | tone | 2896 | 955 |  |  | -
 row | 10.4999 | 10.5640 | 0.24821 | 1.6398 | 0.15136 | 0.02297 | 0.05864 | 0.3403 | 0.3167 | tone | 2912 | 955 |  |  | -
 row | 10.5019 | 10.5660 | 0.24623 | 1.6217 | 0.15183 | 0.02297 | 0.05883 | 0.3402 | 0.3166 | tone | 2928 | 955 |  |  | -
 row | 10.5039 | 10.5680 | 0.24377 | 1.6007 | 0.15229 | 0.02297 | 0.05901 | 0.3401 | 0.3165 | tone | 2944 | 955 |  |  | -
 row | 10.5059 | 10.5700 | 0.24278 | 1.5894 | 0.15275 | 0.02297 | 0.05919 | 0.3401 | 0.3164 | tone | 2960 | 955 |  |  | -
 row | 10.5079 | 10.5720 | 0.24378 | 1.5913 | 0.15320 | 0.02297 | 0.05938 | 0.3401 | 0.3163 | tone | 2976 | 955 |  |  | -
 row | 10.5099 | 10.5740 | 0.24653 | 1.6043 | 0.15367 | 0.02297 | 0.05957 | 0.3400 | 0.3162 | tone | 2992 | 955 |  |  | -
 row | 10.5119 | 10.5760 | 0.24885 | 1.6144 | 0.15414 | 0.02297 | 0.05976 | 0.3399 | 0.3161 | tone | 3008 | 955 |  |  | -
 row | 10.5139 | 10.5780 | 0.24880 | 1.6091 | 0.15462 | 0.02297 | 0.05994 | 0.3399 | 0.3160 | tone | 3024 | 955 |  |  | -
 row | 10.5159 | 10.5800 | 0.24832 | 1.6012 | 0.15509 | 0.02297 | 0.06013 | 0.3398 | 0.3158 | tone | 3040 | 955 |  |  | -
 row | 10.5179 | 10.5820 | 0.25007 | 1.6075 | 0.15556 | 0.02297 | 0.06032 | 0.3398 | 0.3157 | tone | 3056 | 955 |  |  | -
 row | 10.5199 | 10.5840 | 0.25296 | 1.6210 | 0.15605 | 0.02297 | 0.06052 | 0.3397 | 0.3156 | tone | 3072 | 955 |  |  | -
 row | 10.5219 | 10.5860 | 0.25501 | 1.6290 | 0.15654 | 0.02297 | 0.06071 | 0.3396 | 0.3155 | tone | 3088 | 955 |  |  | -
 row | 10.5239 | 10.5880 | 0.25552 | 1.6271 | 0.15704 | 0.02297 | 0.06090 | 0.3395 | 0.3154 | tone | 3104 | 955 |  |  | -
 row | 10.5259 | 10.5900 | 0.25387 | 1.6116 | 0.15752 | 0.02297 | 0.06110 | 0.3395 | 0.3153 | tone | 3120 | 955 |  |  | -
 row | 10.5279 | 10.5920 | 0.25067 | 1.5866 | 0.15799 | 0.02297 | 0.06129 | 0.3394 | 0.3152 | tone | 3136 | 955 |  |  | -
 row | 10.5299 | 10.5940 | 0.24973 | 1.5761 | 0.15845 | 0.02297 | 0.06148 | 0.3394 | 0.3151 | tone | 3152 | 955 |  |  | -
 row | 10.5319 | 10.5960 | 0.25161 | 1.5833 | 0.15891 | 0.02297 | 0.06167 | 0.3393 | 0.3150 | tone | 3168 | 955 |  |  | -
 row | 10.5339 | 10.5980 | 0.25324 | 1.5888 | 0.15938 | 0.02297 | 0.06186 | 0.3393 | 0.3149 | tone | 3184 | 955 |  |  | -
 row | 10.5359 | 10.6000 | 0.25391 | 1.5884 | 0.15986 | 0.02297 | 0.06205 | 0.3393 | 0.3148 | tone | 3200 | 955 |  |  | -
 row | 10.5379 | 10.6020 | 0.25550 | 1.5935 | 0.16033 | 0.02297 | 0.06224 | 0.3392 | 0.3147 | tone | 3216 | 955 |  |  | -
 row | 10.5399 | 10.6040 | 0.25586 | 1.5910 | 0.16081 | 0.02297 | 0.06244 | 0.3392 | 0.3146 | tone | 3232 | 955 |  |  | -
 row | 10.5419 | 10.6060 | 0.25273 | 1.5671 | 0.16127 | 0.02297 | 0.06263 | 0.3392 | 0.3146 | tone | 3248 | 955 |  |  | -
 row | 10.5439 | 10.6080 | 0.24997 | 1.5457 | 0.16172 | 0.02297 | 0.06281 | 0.3391 | 0.3145 | tone | 3264 | 955 |  |  | -
 row | 10.5459 | 10.6100 | 0.25095 | 1.5475 | 0.16216 | 0.02297 | 0.06300 | 0.3391 | 0.3145 | tone | 3280 | 955 |  |  | -
 row | 10.5479 | 10.6120 | 0.25232 | 1.5517 | 0.16261 | 0.02297 | 0.06319 | 0.3391 | 0.3144 | tone | 3296 | 955 |  |  | -
 row | 10.5499 | 10.6140 | 0.25162 | 1.5431 | 0.16306 | 0.02297 | 0.06338 | 0.3391 | 0.3143 | tone | 3312 | 955 |  |  | -
 row | 10.5519 | 10.6160 | 0.25118 | 1.5363 | 0.16350 | 0.02297 | 0.06357 | 0.3391 | 0.3143 | tone | 3328 | 955 |  |  | -
 row | 10.5539 | 10.6180 | 0.25168 | 1.5352 | 0.16394 | 0.02297 | 0.06376 | 0.3391 | 0.3143 | tone | 3344 | 955 |  |  | -
 row | 10.5559 | 10.6200 | 0.25162 | 1.5308 | 0.16438 | 0.02297 | 0.06394 | 0.3392 | 0.3142 | tone | 3360 | 955 |  |  | -
 row | 10.5579 | 10.6220 | 0.25210 | 1.5296 | 0.16482 | 0.02297 | 0.06413 | 0.3392 | 0.3142 | tone | 3376 | 955 |  |  | -
 row | 10.5599 | 10.6240 | 0.25428 | 1.5387 | 0.16526 | 0.02297 | 0.06432 | 0.3392 | 0.3141 | tone | 3392 | 955 |  |  | -
 row | 10.5619 | 10.6260 | 0.25536 | 1.5410 | 0.16571 | 0.02297 | 0.06451 | 0.3392 | 0.3141 | tone | 3408 | 955 |  |  | -
 row | 10.5639 | 10.6280 | 0.25403 | 1.5289 | 0.16616 | 0.02297 | 0.06470 | 0.3392 | 0.3141 | tone | 3424 | 955 |  |  | -
 row | 10.5659 | 10.6300 | 0.25237 | 1.5150 | 0.16659 | 0.02297 | 0.06489 | 0.3392 | 0.3140 | tone | 3440 | 955 |  |  | -
 row | 10.5679 | 10.6320 | 0.25085 | 1.5020 | 0.16701 | 0.02297 | 0.06508 | 0.3392 | 0.3140 | tone | 3456 | 955 |  |  | -
 row | 10.5699 | 10.6340 | 0.24916 | 1.4883 | 0.16742 | 0.02297 | 0.06526 | 0.3393 | 0.3140 | tone | 3472 | 955 |  |  | -
 row | 10.5719 | 10.6360 | 0.24908 | 1.4842 | 0.16783 | 0.02297 | 0.06544 | 0.3393 | 0.3140 | tone | 3488 | 955 |  |  | -
 row | 10.5739 | 10.6380 | 0.25029 | 1.4877 | 0.16824 | 0.02297 | 0.06563 | 0.3394 | 0.3140 | tone | 3504 | 955 |  |  | -
 row | 10.5759 | 10.6400 | 0.25028 | 1.4840 | 0.16865 | 0.02297 | 0.06581 | 0.3394 | 0.3140 | tone | 3520 | 955 |  |  | -
 row | 10.5779 | 10.6420 | 0.25013 | 1.4795 | 0.16906 | 0.02297 | 0.06600 | 0.3395 | 0.3140 | tone | 3536 | 955 |  |  | -
 row | 10.5799 | 10.6440 | 0.25239 | 1.4893 | 0.16947 | 0.02297 | 0.06618 | 0.3395 | 0.3140 | tone | 3552 | 955 |  |  | -
 row | 10.5819 | 10.6460 | 0.25452 | 1.4980 | 0.16990 | 0.02297 | 0.06637 | 0.3396 | 0.3140 | tone | 3568 | 955 |  |  | -
 row | 10.5839 | 10.6480 | 0.25387 | 1.4906 | 0.17032 | 0.02297 | 0.06656 | 0.3396 | 0.3140 | tone | 3584 | 955 |  |  | -
 row | 10.5859 | 10.6500 | 0.25292 | 1.4814 | 0.17073 | 0.02297 | 0.06675 | 0.3397 | 0.3140 | tone | 3600 | 955 |  |  | -
 row | 10.5879 | 10.6520 | 0.25231 | 1.4743 | 0.17114 | 0.02297 | 0.06693 | 0.3397 | 0.3140 | tone | 3616 | 955 |  |  | -
 row | 10.5899 | 10.6540 | 0.24956 | 1.4549 | 0.17153 | 0.02297 | 0.06711 | 0.3398 | 0.3141 | tone | 3632 | 955 |  |  | -
 row | 10.5919 | 10.6560 | 0.24758 | 1.4402 | 0.17191 | 0.02297 | 0.06730 | 0.3399 | 0.3141 | tone | 3648 | 955 |  |  | -
 row | 10.5939 | 10.6580 | 0.25031 | 1.4527 | 0.17230 | 0.02297 | 0.06748 | 0.3400 | 0.3141 | tone | 3664 | 955 |  |  | -
 row | 10.5959 | 10.6600 | 0.25073 | 1.4519 | 0.17270 | 0.02297 | 0.06766 | 0.3400 | 0.3142 | tone | 3680 | 955 |  |  | -
 row | 10.5979 | 10.6620 | 0.24068 | 1.3909 | 0.17304 | 0.02297 | 0.06783 | 0.3402 | 0.3142 | tone | 3696 | 955 |  |  | -
 row | 10.5999 | 10.6640 | 0.23002 | 1.3271 | 0.17332 | 0.02297 | 0.06800 | 0.3404 | 0.3144 | tone | 3712 | 955 |  |  | -
 row | 10.6019 | 10.6660 | 0.21885 | 1.2611 | 0.17355 | 0.02297 | 0.06815 | 0.3406 | 0.3146 | tone | 3728 | 955 |  |  | -
 row | 10.6039 | 10.6680 | 0.20655 | 1.1890 | 0.17371 | 0.02297 | 0.06829 | 0.3409 | 0.3148 | tone | 3744 | 955 |  |  | -
 row | 10.6059 | 10.6700 | 0.19175 | 1.1032 | 0.17380 | 0.02297 | 0.06841 | 0.3413 | 0.3152 | tone | 3760 | 955 |  |  | -
 row | 10.6079 | 10.6720 | 0.17939 | 1.0320 | 0.17383 | 0.02297 | 0.06852 | 0.3418 | 0.3156 | tone | 3776 | 955 |  |  | -
 row | 10.6099 | 10.6740 | 0.16397 | 0.9433 | 0.17382 | 0.02297 | 0.06862 | 0.3422 | 0.3160 | tone | 3792 | 955 |  |  | -
 row | 10.6119 | 10.6760 | 0.14709 | 0.8464 | 0.17379 | 0.02297 | 0.06869 | 0.3426 | 0.3163 | tone | 3808 | 955 |  |  | -
 row | 10.6139 | 10.6780 | 0.12989 | 0.7476 | 0.17375 | 0.02297 | 0.06876 | 0.3430 | 0.3167 | tone | 3824 | 955 |  |  | -
 row | 10.6159 | 10.6800 | 0.11428 | 0.6579 | 0.17369 | 0.02297 | 0.06880 | 0.3433 | 0.3170 | tone | 3840 | 955 |  |  | -
 row | 10.6179 | 10.6820 | 0.09945 | 0.5728 | 0.17362 | 0.02297 | 0.06883 | 0.3436 | 0.3172 | tone | 3856 | 955 |  |  | -
 row | 10.6199 | 10.6840 | 0.08664 | 0.4993 | 0.17353 | 0.02297 | 0.06885 | 0.3439 | 0.3174 | tone | 3872 | 955 |  |  | -
 row | 10.6219 | 10.6860 | 0.07481 | 0.4314 | 0.17343 | 0.02297 | 0.06886 | 0.3441 | 0.3176 | tone | 3888 | 955 |  |  | -
 row | 10.6239 | 10.6880 | 0.06277 | 0.3619 | 0.17343 | 0.02301 | 0.06885 | 0.3441 | 0.3177 | tone | 3904 | 955 |  |  | -
 row | 10.6259 | 10.6900 | 0.04479 | 0.2582 | 0.17343 | 0.02303 | 0.06883 | 0.3440 | 0.3176 | after | 3920 | 955 | up 1760 |  | --
 row | 10.6279 | 10.6920 | 0.03136 | 0.1808 | 0.17343 | 0.02304 | 0.06879 | 0.3439 | 0.3175 | after | 3936 | 955 |  |  | --
 row | 10.6299 | 10.6940 | 0.02852 | 0.1644 | 0.17343 | 0.02305 | 0.06875 | 0.3437 | 0.3173 | after | 3952 | 955 |  |  | --
 row | 10.6319 | 10.6960 | 0.02787 | 0.1607 | 0.17343 | 0.02305 | 0.06871 | 0.3435 | 0.3172 | after | 3968 | 955 |  |  | --
 row | 10.6339 | 10.6980 | 0.02747 | 0.1584 | 0.17343 | 0.02305 | 0.06867 | 0.3433 | 0.3170 | after | 3984 | 955 |  |  | --
 row | 10.6359 | 10.7000 | 0.02490 | 0.1436 | 0.17343 | 0.02306 | 0.06862 | 0.3431 | 0.3169 | after | 4000 | 955 |  |  | --
 row | 10.6379 | 10.7020 | 0.02466 | 0.1422 | 0.17343 | 0.02306 | 0.06858 | 0.3429 | 0.3167 | after | 4016 | 955 |  |  | --
 row | 10.6399 | 10.7040 | 0.02491 | 0.1436 | 0.17343 | 0.02306 | 0.06853 | 0.3427 | 0.3165 | after | 4032 | 955 |  |  | --
 row | 10.6419 | 10.7060 | 0.02623 | 0.1512 | 0.17343 | 0.02306 | 0.06849 | 0.3425 | 0.3163 | after | 4048 | 955 |  |  | --
 row | 10.6439 | 10.7080 | 0.02497 | 0.1440 | 0.17343 | 0.02307 | 0.06845 | 0.3423 | 0.3162 | after | 4064 | 955 |  |  | --
 row | 10.6459 | 10.7100 | 0.02418 | 0.1394 | 0.17343 | 0.02307 | 0.06840 | 0.3421 | 0.3160 | after | 4080 | 955 |  |  | --
 row | 10.6479 | 10.7120 | 0.02453 | 0.1414 | 0.17343 | 0.02307 | 0.06836 | 0.3419 | 0.3158 | after | 4096 | 955 |  |  | --
 row | 10.6499 | 10.7140 | 0.02515 | 0.1450 | 0.17343 | 0.02307 | 0.06832 | 0.3417 | 0.3156 | after | 4112 | 955 |  |  | --
 row | 10.6519 | 10.7160 | 0.02466 | 0.1422 | 0.17343 | 0.02307 | 0.06827 | 0.3415 | 0.3155 | after | 4128 | 955 |  |  | --
 row | 10.6539 | 10.7180 | 0.02519 | 0.1452 | 0.17343 | 0.02307 | 0.06823 | 0.3413 | 0.3153 | after | 4144 | 955 |  |  | --
 row | 10.6559 | 10.7200 | 0.02401 | 0.1385 | 0.17343 | 0.02307 | 0.06819 | 0.3411 | 0.3151 | after | 4160 | 955 |  |  | --
 row | 10.6579 | 10.7220 | 0.02386 | 0.1376 | 0.17343 | 0.02308 | 0.06814 | 0.3409 | 0.3149 | after | 4176 | 955 |  |  | --
 row | 10.6599 | 10.7240 | 0.02190 | 0.1263 | 0.17343 | 0.02307 | 0.06810 | 0.3407 | 0.3147 | after | 4192 | 955 |  |  | --
 row | 10.6619 | 10.7260 | 0.02159 | 0.1245 | 0.17343 | 0.02306 | 0.06805 | 0.3405 | 0.3145 | after | 4208 | 955 |  |  | --
 row | 10.6639 | 10.7280 | 0.02140 | 0.1234 | 0.17343 | 0.02305 | 0.06800 | 0.3403 | 0.3143 | after | 4224 | 955 |  |  | --
 row | 10.6659 | 10.7300 | 0.02136 | 0.1231 | 0.17343 | 0.02305 | 0.06796 | 0.3400 | 0.3141 | after | 4240 | 955 |  |  | --
 row | 10.6679 | 10.7320 | 0.02598 | 0.1498 | 0.17343 | 0.02305 | 0.06791 | 0.3398 | 0.3140 | after | 4256 | 955 |  |  | --
 row | 10.6699 | 10.7340 | 0.03828 | 0.2207 | 0.17343 | 0.02306 | 0.06788 | 0.3397 | 0.3139 | after | 4272 | 955 |  |  | --
 row | 10.6719 | 10.7360 | 0.05203 | 0.3000 | 0.17343 | 0.02309 | 0.06787 | 0.3397 | 0.3139 | after | 4288 | 955 |  |  | --
 row | 10.6739 | 10.7380 | 0.06563 | 0.3784 | 0.17343 | 0.02313 | 0.06787 | 0.3397 | 0.3139 | tone | 4304 | 955 | down |  | --
 row | 10.6759 | 10.7400 | 0.08093 | 0.4669 | 0.17334 | 0.02313 | 0.06788 | 0.3400 | 0.3142 | tone | 4320 | 955 |  |  | --
 row | 10.6779 | 10.7420 | 0.09736 | 0.5619 | 0.17326 | 0.02313 | 0.06791 | 0.3403 | 0.3144 | tone | 4336 | 955 |  |  | --
 row | 10.6799 | 10.7440 | 0.11242 | 0.6491 | 0.17320 | 0.02313 | 0.06795 | 0.3406 | 0.3147 | tone | 4352 | 955 |  |  | --
 row | 10.6819 | 10.7460 | 0.12671 | 0.7318 | 0.17316 | 0.02313 | 0.06801 | 0.3409 | 0.3150 | tone | 4368 | 955 |  |  | --
 row | 10.6839 | 10.7480 | 0.14151 | 0.8174 | 0.17312 | 0.02313 | 0.06809 | 0.3413 | 0.3154 | tone | 4384 | 955 |  |  | --
 row | 10.6859 | 10.7500 | 0.15621 | 0.9024 | 0.17311 | 0.02313 | 0.06817 | 0.3418 | 0.3158 | tone | 4400 | 955 |  |  | --
 row | 10.6879 | 10.7520 | 0.17061 | 0.9856 | 0.17310 | 0.02313 | 0.06828 | 0.3423 | 0.3162 | tone | 4416 | 955 |  |  | --
 row | 10.6899 | 10.7540 | 0.18627 | 1.0757 | 0.17317 | 0.02313 | 0.06839 | 0.3427 | 0.3165 | tone | 4432 | 955 |  |  | --
 row | 10.6919 | 10.7560 | 0.20157 | 1.1630 | 0.17331 | 0.02313 | 0.06853 | 0.3430 | 0.3168 | tone | 4448 | 955 |  |  | --
 row | 10.6939 | 10.7580 | 0.21467 | 1.2371 | 0.17352 | 0.02313 | 0.06867 | 0.3433 | 0.3170 | tone | 4464 | 955 |  |  | --
 row | 10.6959 | 10.7600 | 0.22806 | 1.3123 | 0.17379 | 0.02313 | 0.06883 | 0.3435 | 0.3172 | tone | 4480 | 955 |  |  | --
 row | 10.6979 | 10.7620 | 0.24258 | 1.3931 | 0.17414 | 0.02313 | 0.06901 | 0.3436 | 0.3173 | tone | 4496 | 955 |  |  | --
 row | 10.6999 | 10.7640 | 0.25327 | 1.4511 | 0.17453 | 0.02313 | 0.06919 | 0.3437 | 0.3173 | tone | 4512 | 955 |  |  | --
 row | 10.7019 | 10.7660 | 0.25505 | 1.4580 | 0.17493 | 0.02313 | 0.06938 | 0.3437 | 0.3173 | tone | 4528 | 955 |  |  | --
 row | 10.7039 | 10.7680 | 0.25384 | 1.4478 | 0.17533 | 0.02313 | 0.06956 | 0.3438 | 0.3173 | tone | 4544 | 955 |  |  | --
 row | 10.7059 | 10.7700 | 0.25454 | 1.4485 | 0.17572 | 0.02313 | 0.06975 | 0.3439 | 0.3173 | tone | 4560 | 955 |  |  | --
 row | 10.7079 | 10.7720 | 0.25566 | 1.4516 | 0.17612 | 0.02313 | 0.06993 | 0.3439 | 0.3173 | tone | 4576 | 955 |  |  | --
 row | 10.7099 | 10.7740 | 0.25537 | 1.4467 | 0.17652 | 0.02313 | 0.07012 | 0.3440 | 0.3174 | tone | 4592 | 955 |  |  | --
 row | 10.7119 | 10.7760 | 0.25452 | 1.4387 | 0.17691 | 0.02313 | 0.07030 | 0.3441 | 0.3174 | tone | 4608 | 955 |  |  | --
 row | 10.7139 | 10.7780 | 0.25344 | 1.4295 | 0.17729 | 0.02313 | 0.07048 | 0.3441 | 0.3174 | tone | 4624 | 955 |  |  | --
 row | 10.7159 | 10.7800 | 0.25251 | 1.4213 | 0.17767 | 0.02313 | 0.07067 | 0.3442 | 0.3175 | tone | 4640 | 955 |  |  | --
 row | 10.7179 | 10.7820 | 0.25170 | 1.4137 | 0.17804 | 0.02313 | 0.07085 | 0.3443 | 0.3175 | tone | 4656 | 955 |  |  | --
 row | 10.7199 | 10.7840 | 0.25029 | 1.4030 | 0.17840 | 0.02313 | 0.07103 | 0.3444 | 0.3176 | tone | 4672 | 955 |  |  | --
 row | 10.7219 | 10.7860 | 0.24809 | 1.3879 | 0.17875 | 0.02313 | 0.07120 | 0.3446 | 0.3177 | tone | 4688 | 955 |  |  | --
 row | 10.7239 | 10.7880 | 0.24777 | 1.3834 | 0.17909 | 0.02313 | 0.07138 | 0.3447 | 0.3177 | tone | 4704 | 955 |  |  | --
 row | 10.7259 | 10.7900 | 0.24971 | 1.3916 | 0.17945 | 0.02313 | 0.07156 | 0.3448 | 0.3178 | tone | 4720 | 955 |  |  | --
 row | 10.7279 | 10.7920 | 0.25123 | 1.3972 | 0.17981 | 0.02313 | 0.07174 | 0.3449 | 0.3179 | tone | 4736 | 955 |  |  | --
 row | 10.7299 | 10.7940 | 0.24817 | 1.3776 | 0.18015 | 0.02313 | 0.07192 | 0.3450 | 0.3180 | tone | 4752 | 955 |  |  | --
 row | 10.7319 | 10.7960 | 0.23806 | 1.3193 | 0.18044 | 0.02313 | 0.07208 | 0.3452 | 0.3181 | tone | 4768 | 955 |  |  | --
 row | 10.7339 | 10.7980 | 0.22537 | 1.2475 | 0.18066 | 0.02313 | 0.07223 | 0.3455 | 0.3183 | tone | 4784 | 955 |  |  | --
 row | 10.7359 | 10.8000 | 0.21229 | 1.1740 | 0.18082 | 0.02313 | 0.07237 | 0.3458 | 0.3186 | tone | 4800 | 955 |  |  | --
 row | 10.7379 | 10.8020 | 0.19731 | 1.0907 | 0.18090 | 0.02313 | 0.07250 | 0.3462 | 0.3189 | tone | 4816 | 955 |  |  | --
 row | 10.7399 | 10.8040 | 0.18294 | 1.0112 | 0.18091 | 0.02313 | 0.07261 | 0.3467 | 0.3193 | tone | 4832 | 955 |  |  | --
 row | 10.7419 | 10.8060 | 0.16902 | 0.9343 | 0.18090 | 0.02313 | 0.07271 | 0.3471 | 0.3197 | tone | 4848 | 955 |  |  | --
 row | 10.7439 | 10.8080 | 0.15451 | 0.8542 | 0.18088 | 0.02313 | 0.07279 | 0.3475 | 0.3201 | tone | 4864 | 955 |  |  | --
 row | 10.7459 | 10.8100 | 0.14027 | 0.7757 | 0.18083 | 0.02313 | 0.07286 | 0.3479 | 0.3204 | tone | 4880 | 955 |  |  | --
 row | 10.7479 | 10.8120 | 0.12476 | 0.6902 | 0.18078 | 0.02313 | 0.07291 | 0.3482 | 0.3207 | tone | 4896 | 955 |  |  | --
 row | 10.7499 | 10.8140 | 0.11004 | 0.6089 | 0.18071 | 0.02313 | 0.07294 | 0.3485 | 0.3210 | tone | 4912 | 955 |  |  | --
 row | 10.7519 | 10.8160 | 0.09737 | 0.5391 | 0.18062 | 0.02313 | 0.07297 | 0.3488 | 0.3212 | tone | 4928 | 955 |  |  | --
 row | 10.7539 | 10.8180 | 0.08421 | 0.4665 | 0.18053 | 0.02313 | 0.07298 | 0.3490 | 0.3214 | tone | 4944 | 955 |  |  | --
 row | 10.7559 | 10.8200 | 0.07278 | 0.4032 | 0.18053 | 0.02318 | 0.07298 | 0.3491 | 0.3215 | tone | 4960 | 955 |  |  | --
 row | 10.7579 | 10.8220 | 0.06012 | 0.3330 | 0.18053 | 0.02322 | 0.07297 | 0.3491 | 0.3215 | tone | 4976 | 955 |  |  | --
 row | 10.7599 | 10.8240 | 0.04398 | 0.2436 | 0.18053 | 0.02324 | 0.07294 | 0.3490 | 0.3214 | after | 4992 | 965 | up 688 |  | --.
 row | 10.7619 | 10.8260 | 0.03252 | 0.1801 | 0.18053 | 0.02325 | 0.07290 | 0.3488 | 0.3213 | after | 5008 | 965 |  |  | --.
 row | 10.7639 | 10.8280 | 0.02723 | 0.1508 | 0.18053 | 0.02326 | 0.07285 | 0.3486 | 0.3211 | after | 5024 | 965 |  |  | --.
 row | 10.7659 | 10.8300 | 0.02575 | 0.1426 | 0.18053 | 0.02326 | 0.07281 | 0.3484 | 0.3210 | after | 5040 | 965 |  |  | --.
 row | 10.7679 | 10.8320 | 0.02403 | 0.1331 | 0.18053 | 0.02326 | 0.07276 | 0.3482 | 0.3208 | after | 5056 | 965 |  |  | --.
 row | 10.7699 | 10.8340 | 0.02398 | 0.1328 | 0.18053 | 0.02326 | 0.07271 | 0.3480 | 0.3206 | after | 5072 | 965 |  |  | --.
 row | 10.7719 | 10.8360 | 0.02340 | 0.1296 | 0.18053 | 0.02326 | 0.07266 | 0.3478 | 0.3204 | after | 5088 | 965 |  |  | --.
 row | 10.7739 | 10.8380 | 0.02131 | 0.1180 | 0.18053 | 0.02325 | 0.07261 | 0.3475 | 0.3202 | after | 5104 | 965 |  |  | --.
 row | 10.7759 | 10.8400 | 0.02274 | 0.1260 | 0.18053 | 0.02325 | 0.07256 | 0.3473 | 0.3200 | after | 5120 | 965 |  |  | --.
 row | 10.7779 | 10.8420 | 0.02280 | 0.1263 | 0.18053 | 0.02325 | 0.07251 | 0.3471 | 0.3198 | after | 5136 | 965 |  |  | --.
 row | 10.7799 | 10.8440 | 0.02358 | 0.1306 | 0.18053 | 0.02325 | 0.07246 | 0.3468 | 0.3196 | after | 5152 | 965 |  |  | --.
 row | 10.7819 | 10.8460 | 0.02391 | 0.1325 | 0.18053 | 0.02325 | 0.07241 | 0.3466 | 0.3194 | after | 5168 | 965 |  |  | --.
 row | 10.7839 | 10.8480 | 0.02474 | 0.1370 | 0.18053 | 0.02325 | 0.07236 | 0.3464 | 0.3192 | after | 5184 | 965 |  |  | --.
 row | 10.7859 | 10.8500 | 0.02702 | 0.1497 | 0.18053 | 0.02325 | 0.07232 | 0.3462 | 0.3190 | after | 5200 | 965 |  |  | --.
 row | 10.7879 | 10.8520 | 0.02464 | 0.1365 | 0.18053 | 0.02325 | 0.07227 | 0.3460 | 0.3189 | after | 5216 | 965 |  |  | --.
 row | 10.7899 | 10.8540 | 0.02171 | 0.1203 | 0.18053 | 0.02324 | 0.07222 | 0.3458 | 0.3187 | after | 5232 | 965 |  |  | --.
 row | 10.7919 | 10.8560 | 0.02210 | 0.1224 | 0.18053 | 0.02324 | 0.07217 | 0.3456 | 0.3185 | after | 5248 | 965 |  |  | --.
 row | 10.7939 | 10.8580 | 0.02246 | 0.1244 | 0.18053 | 0.02324 | 0.07212 | 0.3453 | 0.3183 | after | 5264 | 965 |  |  | --.
 row | 10.7959 | 10.8600 | 0.02451 | 0.1358 | 0.18053 | 0.02324 | 0.07207 | 0.3451 | 0.3181 | after | 5280 | 965 |  |  | --.
 row | 10.7979 | 10.8620 | 0.02476 | 0.1371 | 0.18053 | 0.02324 | 0.07202 | 0.3449 | 0.3179 | after | 5296 | 965 |  |  | --.
 row | 10.7999 | 10.8640 | 0.02516 | 0.1394 | 0.18053 | 0.02324 | 0.07198 | 0.3447 | 0.3177 | after | 5312 | 965 |  |  | --.
 row | 10.8019 | 10.8660 | 0.02491 | 0.1380 | 0.18053 | 0.02324 | 0.07193 | 0.3445 | 0.3175 | after | 5328 | 965 |  |  | --.
 row | 10.8039 | 10.8680 | 0.02314 | 0.1282 | 0.18053 | 0.02324 | 0.07188 | 0.3443 | 0.3173 | after | 5344 | 965 |  |  | --.
 row | 10.8059 | 10.8700 | 0.02469 | 0.1368 | 0.18053 | 0.02324 | 0.07183 | 0.3441 | 0.3172 | after | 5360 | 965 |  |  | --.
 row | 10.8079 | 10.8720 | 0.02552 | 0.1414 | 0.18053 | 0.02324 | 0.07179 | 0.3439 | 0.3170 | after | 5376 | 965 |  |  | --.
 row | 10.8099 | 10.8740 | 0.02499 | 0.1384 | 0.18053 | 0.02325 | 0.07174 | 0.3437 | 0.3168 | after | 5392 | 965 |  |  | --.
 row | 10.8119 | 10.8760 | 0.02542 | 0.1408 | 0.18053 | 0.02325 | 0.07169 | 0.3435 | 0.3166 | after | 5408 | 965 |  |  | --.
 row | 10.8139 | 10.8780 | 0.02521 | 0.1397 | 0.18053 | 0.02325 | 0.07165 | 0.3433 | 0.3165 | after | 5424 | 965 |  |  | --.
 row | 10.8159 | 10.8800 | 0.02464 | 0.1365 | 0.18053 | 0.02325 | 0.07160 | 0.3431 | 0.3163 | after | 5440 | 965 |  |  | --.
 row | 10.8179 | 10.8820 | 0.02269 | 0.1257 | 0.18053 | 0.02325 | 0.07155 | 0.3428 | 0.3161 | after | 5456 | 965 |  |  | --.
 row | 10.8199 | 10.8840 | 0.02124 | 0.1177 | 0.18053 | 0.02324 | 0.07150 | 0.3426 | 0.3159 | after | 5472 | 965 |  |  | --.
 row | 10.8219 | 10.8860 | 0.02117 | 0.1173 | 0.18053 | 0.02323 | 0.07145 | 0.3424 | 0.3157 | after | 5488 | 965 |  |  | --.
 row | 10.8239 | 10.8880 | 0.02062 | 0.1142 | 0.18053 | 0.02322 | 0.07140 | 0.3421 | 0.3154 | after | 5504 | 965 |  |  | --.
 row | 10.8259 | 10.8900 | 0.01914 | 0.1060 | 0.18053 | 0.02320 | 0.07135 | 0.3419 | 0.3152 | after | 5520 | 965 |  |  | --.
 row | 10.8279 | 10.8920 | 0.01701 | 0.0942 | 0.18053 | 0.02316 | 0.07129 | 0.3416 | 0.3149 | after | 5536 | 965 |  |  | --.
 row | 10.8299 | 10.8940 | 0.01665 | 0.0922 | 0.18053 | 0.02313 | 0.07124 | 0.3413 | 0.3147 | after | 5552 | 965 |  |  | --.
 row | 10.8319 | 10.8960 | 0.01666 | 0.0923 | 0.18053 | 0.02310 | 0.07118 | 0.3410 | 0.3144 | after | 5568 | 965 |  |  | --.
 row | 10.8339 | 10.8980 | 0.01627 | 0.0901 | 0.18053 | 0.02307 | 0.07113 | 0.3408 | 0.3141 | after | 5584 | 965 |  |  | --.
 row | 10.8359 | 10.9000 | 0.01722 | 0.0954 | 0.18053 | 0.02304 | 0.07108 | 0.3405 | 0.3139 | after | 5600 | 965 |  |  | --.
 row | 10.8379 | 10.9020 | 0.01755 | 0.0972 | 0.18053 | 0.02301 | 0.07102 | 0.3402 | 0.3136 | after | 5616 | 965 |  |  | --.
 row | 10.8399 | 10.9040 | 0.01558 | 0.0863 | 0.18053 | 0.02297 | 0.07097 | 0.3399 | 0.3134 | after | 5632 | 965 |  |  | --.
 row | 10.8419 | 10.9060 | 0.01845 | 0.1022 | 0.18053 | 0.02295 | 0.07091 | 0.3397 | 0.3131 | after | 5648 | 965 |  |  | --.
 row | 10.8439 | 10.9080 | 0.01878 | 0.1040 | 0.18053 | 0.02293 | 0.07086 | 0.3394 | 0.3129 | after | 5664 | 965 |  |  | --.
 row | 10.8459 | 10.9100 | 0.01880 | 0.1042 | 0.18053 | 0.02291 | 0.07081 | 0.3392 | 0.3126 | after | 5680 | 965 |  |  | --.
 row | 10.8479 | 10.9120 | 0.01837 | 0.1017 | 0.18053 | 0.02289 | 0.07076 | 0.3389 | 0.3124 | after | 5696 | 965 |  |  | --.
 row | 10.8499 | 10.9140 | 0.01791 | 0.0992 | 0.18053 | 0.02286 | 0.07071 | 0.3387 | 0.3121 | after | 5712 | 965 |  |  | --.
 row | 10.8519 | 10.9160 | 0.01853 | 0.1027 | 0.18053 | 0.02284 | 0.07065 | 0.3384 | 0.3119 | after | 5728 | 965 |  |  | --.
 row | 10.8539 | 10.9180 | 0.01886 | 0.1045 | 0.18053 | 0.02282 | 0.07060 | 0.3381 | 0.3117 | after | 5744 | 965 |  |  | --.
 row | 10.8559 | 10.9200 | 0.01919 | 0.1063 | 0.18053 | 0.02280 | 0.07055 | 0.3379 | 0.3114 | after | 5760 | 965 |  |  | --.
 row | 10.8579 | 10.9220 | 0.02070 | 0.1147 | 0.18053 | 0.02279 | 0.07050 | 0.3377 | 0.3112 | after | 5776 | 965 |  |  | --.
 row | 10.8599 | 10.9240 | 0.02154 | 0.1193 | 0.18053 | 0.02278 | 0.07045 | 0.3374 | 0.3110 | after | 5792 | 965 |  |  | --.
 row | 10.8619 | 10.9260 | 0.02153 | 0.1192 | 0.18053 | 0.02278 | 0.07040 | 0.3372 | 0.3108 | after | 5808 | 965 |  |  | --.
 row | 10.8639 | 10.9280 | 0.02341 | 0.1297 | 0.18053 | 0.02278 | 0.07036 | 0.3370 | 0.3107 | after | 5824 | 965 |  |  | --.
 row | 10.8659 | 10.9300 | 0.02507 | 0.1389 | 0.18053 | 0.02278 | 0.07031 | 0.3368 | 0.3105 | after | 5840 | 965 |  |  | --.
 row | 10.8679 | 10.9320 | 0.02535 | 0.1404 | 0.18053 | 0.02278 | 0.07026 | 0.3366 | 0.3103 | after | 5856 | 965 |  |  | --.
 row | 10.8699 | 10.9340 | 0.02431 | 0.1347 | 0.18053 | 0.02278 | 0.07022 | 0.3364 | 0.3101 | after | 5872 | 965 |  |  | --.
 row | 10.8719 | 10.9360 | 0.02340 | 0.1296 | 0.18053 | 0.02279 | 0.07017 | 0.3362 | 0.3100 | after | 5888 | 965 |  |  | --.
 row | 10.8739 | 10.9380 | 0.02055 | 0.1138 | 0.18053 | 0.02277 | 0.07012 | 0.3360 | 0.3097 | after | 5904 | 965 |  |  | --.
 row | 10.8759 | 10.9400 | 0.01923 | 0.1065 | 0.18053 | 0.02276 | 0.07007 | 0.3357 | 0.3095 | after | 5920 | 965 |  |  | --.
 row | 10.8779 | 10.9420 | 0.01982 | 0.1098 | 0.18053 | 0.02274 | 0.07002 | 0.3355 | 0.3093 | after | 5936 | 965 |  |  | --.
 row | 10.8799 | 10.9440 | 0.01950 | 0.1080 | 0.18053 | 0.02273 | 0.06997 | 0.3352 | 0.3091 | after | 5952 | 965 |  |  | --.
 row | 10.8819 | 10.9460 | 0.02007 | 0.1112 | 0.18053 | 0.02271 | 0.06992 | 0.3350 | 0.3089 | after | 5968 | 965 |  |  | --.
 row | 10.8839 | 10.9480 | 0.02193 | 0.1215 | 0.18053 | 0.02271 | 0.06987 | 0.3348 | 0.3087 | after | 5984 | 965 |  |  | --.
 row | 10.8859 | 10.9500 | 0.02458 | 0.1362 | 0.18053 | 0.02271 | 0.06983 | 0.3346 | 0.3085 | after | 6000 | 965 |  |  | --.
 row | 10.8879 | 10.9520 | 0.02550 | 0.1413 | 0.18053 | 0.02271 | 0.06978 | 0.3344 | 0.3083 | idle | 6016 | 965 |  | G | 
 row | 10.8899 | 10.9540 | 0.02662 | 0.1474 | 0.18053 | 0.02272 | 0.06974 | 0.3342 | 0.3082 | idle | 6032 | 965 |  |  | 
 row | 10.8919 | 10.9560 | 0.02773 | 0.1536 | 0.18053 | 0.02272 | 0.06970 | 0.3340 | 0.3080 | idle | 6048 | 965 |  |  | 
 row | 10.8939 | 10.9580 | 0.02760 | 0.1529 | 0.18053 | 0.02273 | 0.06966 | 0.3339 | 0.3079 | idle | 6064 | 965 |  |  | 
 row | 10.8959 | 10.9600 | 0.02643 | 0.1464 | 0.18053 | 0.02273 | 0.06961 | 0.3337 | 0.3077 | idle | 6080 | 965 |  |  | 
 row | 10.8979 | 10.9620 | 0.02772 | 0.1535 | 0.18053 | 0.02274 | 0.06957 | 0.3335 | 0.3075 | idle | 6096 | 965 |  |  | 
 row | 10.8999 | 10.9640 | 0.02806 | 0.1554 | 0.18053 | 0.02274 | 0.06953 | 0.3333 | 0.3074 | idle | 6112 | 965 |  |  | 
 row | 10.9019 | 10.9660 | 0.02693 | 0.1492 | 0.18053 | 0.02274 | 0.06949 | 0.3331 | 0.3072 | idle | 6128 | 965 |  |  | 
 row | 10.9039 | 10.9680 | 0.02710 | 0.1501 | 0.18053 | 0.02275 | 0.06944 | 0.3329 | 0.3071 | idle | 6144 | 965 |  |  | 
 row | 10.9059 | 10.9700 | 0.02729 | 0.1512 | 0.18053 | 0.02275 | 0.06940 | 0.3328 | 0.3069 | idle | 6160 | 965 |  |  | 
 row | 10.9079 | 10.9720 | 0.02886 | 0.1599 | 0.18053 | 0.02276 | 0.06936 | 0.3326 | 0.3068 | idle | 6176 | 965 |  |  | 
 row | 10.9099 | 10.9740 | 0.03018 | 0.1672 | 0.18053 | 0.02277 | 0.06932 | 0.3324 | 0.3066 | idle | 6192 | 965 |  |  | 
 row | 10.9119 | 10.9760 | 0.03123 | 0.1730 | 0.18053 | 0.02278 | 0.06928 | 0.3323 | 0.3065 | idle | 6208 | 965 |  |  | 
 row | 10.9139 | 10.9780 | 0.03289 | 0.1822 | 0.18053 | 0.02279 | 0.06925 | 0.3321 | 0.3064 | idle | 6224 | 965 |  |  | 
 row | 10.9159 | 10.9800 | 0.03241 | 0.1795 | 0.18053 | 0.02280 | 0.06921 | 0.3320 | 0.3062 | idle | 6240 | 965 |  |  | 
 row | 10.9179 | 10.9820 | 0.03016 | 0.1670 | 0.18053 | 0.02280 | 0.06917 | 0.3318 | 0.3061 | idle | 6256 | 965 |  |  | 
 row | 10.9199 | 10.9840 | 0.03012 | 0.1668 | 0.18053 | 0.02281 | 0.06913 | 0.3316 | 0.3060 | idle | 6272 | 965 |  |  | 
 row | 10.9219 | 10.9860 | 0.02997 | 0.1660 | 0.18053 | 0.02282 | 0.06909 | 0.3315 | 0.3058 | idle | 6288 | 965 |  |  | 
 row | 10.9239 | 10.9880 | 0.02940 | 0.1628 | 0.18053 | 0.02282 | 0.06905 | 0.3313 | 0.3057 | idle | 6304 | 965 |  |  | 
 row | 10.9259 | 10.9900 | 0.03115 | 0.1726 | 0.18053 | 0.02283 | 0.06902 | 0.3311 | 0.3056 | idle | 6320 | 965 |  |  | 
 row | 10.9279 | 10.9920 | 0.03178 | 0.1761 | 0.18053 | 0.02284 | 0.06898 | 0.3310 | 0.3054 | idle | 6336 | 965 |  |  | 
 row | 10.9299 | 10.9940 | 0.02986 | 0.1654 | 0.18053 | 0.02285 | 0.06894 | 0.3308 | 0.3053 | idle | 6352 | 965 |  |  | 
 row | 10.9319 | 10.9960 | 0.02835 | 0.1570 | 0.18053 | 0.02285 | 0.06890 | 0.3306 | 0.3051 | idle | 6368 | 965 |  |  | 
 row | 10.9339 | 10.9980 | 0.02877 | 0.1594 | 0.18053 | 0.02286 | 0.06886 | 0.3305 | 0.3050 | idle | 6384 | 965 |  |  | 
 row | 10.9359 | 11.0000 | 0.03575 | 0.1980 | 0.18053 | 0.02287 | 0.06883 | 0.3303 | 0.3049 | idle | 6400 | 965 |  |  | 
 row | 10.9379 | 11.0020 | 0.05076 | 0.2812 | 0.18053 | 0.02290 | 0.06881 | 0.3303 | 0.3049 | idle | 6416 | 965 |  |  | 
 row | 10.9399 | 11.0040 | 0.06448 | 0.3572 | 0.18053 | 0.02294 | 0.06880 | 0.3303 | 0.3049 | tone | 0 | 965 | down |  | 
 row | 10.9419 | 11.0060 | 0.07477 | 0.4144 | 0.18042 | 0.02294 | 0.06881 | 0.3305 | 0.3051 | tone | 16 | 965 |  |  | 
 row | 10.9439 | 11.0080 | 0.08726 | 0.4839 | 0.18033 | 0.02294 | 0.06883 | 0.3308 | 0.3053 | tone | 32 | 965 |  |  | 
 row | 10.9459 | 11.0100 | 0.10139 | 0.5625 | 0.18025 | 0.02294 | 0.06886 | 0.3311 | 0.3056 | tone | 48 | 965 |  |  | 
 row | 10.9479 | 11.0120 | 0.11686 | 0.6486 | 0.18019 | 0.02294 | 0.06891 | 0.3314 | 0.3059 | tone | 64 | 965 |  |  | 
 row | 10.9499 | 11.0140 | 0.13240 | 0.7350 | 0.18014 | 0.02294 | 0.06897 | 0.3318 | 0.3062 | tone | 80 | 965 |  |  | 
 row | 10.9519 | 11.0160 | 0.14691 | 0.8157 | 0.18011 | 0.02294 | 0.06905 | 0.3322 | 0.3066 | tone | 96 | 965 |  |  | 
 row | 10.9539 | 11.0180 | 0.15867 | 0.8811 | 0.18008 | 0.02294 | 0.06914 | 0.3326 | 0.3070 | tone | 112 | 965 |  |  | 
 row | 10.9559 | 11.0200 | 0.17219 | 0.9562 | 0.18008 | 0.02294 | 0.06924 | 0.3331 | 0.3074 | tone | 128 | 965 |  |  | 
 row | 10.9579 | 11.0220 | 0.18706 | 1.0386 | 0.18011 | 0.02294 | 0.06936 | 0.3336 | 0.3078 | tone | 144 | 965 |  |  | 
 row | 10.9599 | 11.0240 | 0.20195 | 1.1206 | 0.18022 | 0.02294 | 0.06949 | 0.3339 | 0.3081 | tone | 160 | 965 |  |  | 
 row | 10.9619 | 11.0260 | 0.21520 | 1.1929 | 0.18040 | 0.02294 | 0.06964 | 0.3343 | 0.3084 | tone | 176 | 965 |  |  | 
 row | 10.9639 | 11.0280 | 0.22873 | 1.2662 | 0.18064 | 0.02294 | 0.06980 | 0.3345 | 0.3086 | tone | 192 | 965 |  |  | 
 row | 10.9659 | 11.0300 | 0.24345 | 1.3454 | 0.18095 | 0.02294 | 0.06997 | 0.3347 | 0.3087 | tone | 208 | 965 |  |  | 
 row | 10.9679 | 11.0320 | 0.25306 | 1.3957 | 0.18131 | 0.02294 | 0.07015 | 0.3348 | 0.3088 | tone | 224 | 965 |  |  | 
 row | 10.9699 | 11.0340 | 0.25396 | 1.3979 | 0.18167 | 0.02294 | 0.07034 | 0.3350 | 0.3089 | tone | 240 | 965 |  |  | 
 row | 10.9719 | 11.0360 | 0.25280 | 1.3888 | 0.18203 | 0.02294 | 0.07052 | 0.3351 | 0.3090 | tone | 256 | 965 |  |  | 
 row | 10.9739 | 11.0380 | 0.25318 | 1.3881 | 0.18239 | 0.02294 | 0.07070 | 0.3353 | 0.3091 | tone | 272 | 965 |  |  | 
 row | 10.9759 | 11.0400 | 0.25301 | 1.3845 | 0.18274 | 0.02294 | 0.07089 | 0.3354 | 0.3092 | tone | 288 | 965 |  |  | 
 row | 10.9779 | 11.0420 | 0.25159 | 1.3742 | 0.18308 | 0.02294 | 0.07107 | 0.3356 | 0.3093 | tone | 304 | 965 |  |  | 
 row | 10.9799 | 11.0440 | 0.25015 | 1.3638 | 0.18342 | 0.02294 | 0.07125 | 0.3358 | 0.3094 | tone | 320 | 965 |  |  | 
 row | 10.9819 | 11.0460 | 0.24914 | 1.3559 | 0.18375 | 0.02294 | 0.07142 | 0.3359 | 0.3096 | tone | 336 | 965 |  |  | 
 row | 10.9839 | 11.0480 | 0.24914 | 1.3535 | 0.18407 | 0.02294 | 0.07160 | 0.3361 | 0.3097 | tone | 352 | 965 |  |  | 
 row | 10.9859 | 11.0500 | 0.24972 | 1.3542 | 0.18440 | 0.02294 | 0.07178 | 0.3363 | 0.3098 | tone | 368 | 965 |  |  | 
 row | 10.9879 | 11.0520 | 0.24883 | 1.3470 | 0.18472 | 0.02294 | 0.07196 | 0.3365 | 0.3099 | tone | 384 | 965 |  |  | 
 row | 10.9899 | 11.0540 | 0.24678 | 1.3337 | 0.18503 | 0.02294 | 0.07213 | 0.3367 | 0.3101 | tone | 400 | 965 |  |  | 
 row | 10.9919 | 11.0560 | 0.24761 | 1.3359 | 0.18535 | 0.02294 | 0.07231 | 0.3368 | 0.3102 | tone | 416 | 965 |  |  | 
 row | 10.9939 | 11.0580 | 0.25128 | 1.3533 | 0.18568 | 0.02294 | 0.07249 | 0.3370 | 0.3103 | tone | 432 | 965 |  |  | 
 row | 10.9959 | 11.0600 | 0.25021 | 1.3452 | 0.18600 | 0.02294 | 0.07266 | 0.3372 | 0.3105 | tone | 448 | 965 |  |  | 
 row | 10.9979 | 11.0620 | 0.23906 | 1.2834 | 0.18627 | 0.02294 | 0.07283 | 0.3374 | 0.3107 | tone | 464 | 965 |  |  | 
 row | 10.9999 | 11.0640 | 0.22308 | 1.1964 | 0.18645 | 0.02294 | 0.07298 | 0.3377 | 0.3109 | tone | 480 | 965 |  |  | 
 row | 11.0019 | 11.0660 | 0.20773 | 1.1135 | 0.18656 | 0.02294 | 0.07311 | 0.3381 | 0.3112 | tone | 496 | 965 |  |  | 
 row | 11.0039 | 11.0680 | 0.19313 | 1.0351 | 0.18659 | 0.02294 | 0.07323 | 0.3386 | 0.3116 | tone | 512 | 965 |  |  | 
 row | 11.0059 | 11.0700 | 0.17991 | 0.9642 | 0.18658 | 0.02294 | 0.07334 | 0.3391 | 0.3120 | tone | 528 | 965 |  |  | 
 row | 11.0079 | 11.0720 | 0.16649 | 0.8924 | 0.18656 | 0.02294 | 0.07343 | 0.3395 | 0.3124 | tone | 544 | 965 |  |  | 
 row | 11.0099 | 11.0740 | 0.15134 | 0.8114 | 0.18653 | 0.02294 | 0.07351 | 0.3399 | 0.3128 | tone | 560 | 965 |  |  | 
 row | 11.0119 | 11.0760 | 0.13660 | 0.7325 | 0.18648 | 0.02294 | 0.07358 | 0.3403 | 0.3131 | tone | 576 | 965 |  |  | 
 row | 11.0139 | 11.0780 | 0.12215 | 0.6552 | 0.18641 | 0.02294 | 0.07362 | 0.3406 | 0.3134 | tone | 592 | 965 |  |  | 
 row | 11.0159 | 11.0800 | 0.10673 | 0.5728 | 0.18633 | 0.02294 | 0.07366 | 0.3409 | 0.3136 | tone | 608 | 965 |  |  | 
 row | 11.0179 | 11.0820 | 0.09305 | 0.4996 | 0.18624 | 0.02294 | 0.07368 | 0.3411 | 0.3139 | tone | 624 | 965 |  |  | 
 row | 11.0199 | 11.0840 | 0.08034 | 0.4316 | 0.18613 | 0.02294 | 0.07368 | 0.3413 | 0.3141 | tone | 640 | 965 |  |  | 
 row | 11.0219 | 11.0860 | 0.06597 | 0.3544 | 0.18613 | 0.02298 | 0.07368 | 0.3414 | 0.3141 | tone | 656 | 965 |  |  | 
 row | 11.0239 | 11.0880 | 0.05029 | 0.2702 | 0.18613 | 0.02301 | 0.07365 | 0.3413 | 0.3141 | after | 672 | 965 | up 672 |  | .
 row | 11.0259 | 11.0900 | 0.03313 | 0.1780 | 0.18613 | 0.02302 | 0.07361 | 0.3411 | 0.3139 | after | 688 | 965 |  |  | .
 row | 11.0279 | 11.0920 | 0.02114 | 0.1136 | 0.18613 | 0.02301 | 0.07356 | 0.3409 | 0.3137 | after | 704 | 965 |  |  | .
 row | 11.0299 | 11.0940 | 0.01834 | 0.0985 | 0.18613 | 0.02299 | 0.07350 | 0.3406 | 0.3135 | after | 720 | 965 |  |  | .
 row | 11.0319 | 11.0960 | 0.02109 | 0.1133 | 0.18613 | 0.02298 | 0.07345 | 0.3404 | 0.3133 | after | 736 | 965 |  |  | .
 row | 11.0339 | 11.0980 | 0.02117 | 0.1138 | 0.18613 | 0.02297 | 0.07340 | 0.3402 | 0.3131 | after | 752 | 965 |  |  | .
 row | 11.0359 | 11.1000 | 0.02306 | 0.1239 | 0.18613 | 0.02297 | 0.07335 | 0.3399 | 0.3129 | after | 768 | 965 |  |  | .
 row | 11.0379 | 11.1020 | 0.02427 | 0.1304 | 0.18613 | 0.02297 | 0.07330 | 0.3397 | 0.3127 | after | 784 | 965 |  |  | .
 row | 11.0399 | 11.1040 | 0.02429 | 0.1305 | 0.18613 | 0.02297 | 0.07325 | 0.3395 | 0.3125 | after | 800 | 965 |  |  | .
 row | 11.0419 | 11.1060 | 0.02492 | 0.1339 | 0.18613 | 0.02298 | 0.07320 | 0.3393 | 0.3123 | after | 816 | 965 |  |  | .
 row | 11.0439 | 11.1080 | 0.02364 | 0.1270 | 0.18613 | 0.02298 | 0.07315 | 0.3391 | 0.3121 | after | 832 | 965 |  |  | .
 row | 11.0459 | 11.1100 | 0.02261 | 0.1215 | 0.18613 | 0.02297 | 0.07310 | 0.3389 | 0.3119 | after | 848 | 965 |  |  | .
 row | 11.0479 | 11.1120 | 0.02390 | 0.1284 | 0.18613 | 0.02298 | 0.07305 | 0.3387 | 0.3118 | after | 864 | 965 |  |  | .
 row | 11.0499 | 11.1140 | 0.02515 | 0.1351 | 0.18613 | 0.02298 | 0.07301 | 0.3385 | 0.3116 | after | 880 | 965 |  |  | .
 row | 11.0519 | 11.1160 | 0.02514 | 0.1351 | 0.18613 | 0.02298 | 0.07296 | 0.3383 | 0.3114 | after | 896 | 965 |  |  | .
 row | 11.0539 | 11.1180 | 0.02545 | 0.1367 | 0.18613 | 0.02298 | 0.07291 | 0.3381 | 0.3112 | after | 912 | 965 |  |  | .
 row | 11.0559 | 11.1200 | 0.02500 | 0.1343 | 0.18613 | 0.02298 | 0.07286 | 0.3379 | 0.3111 | after | 928 | 965 |  |  | .
 row | 11.0579 | 11.1220 | 0.02514 | 0.1351 | 0.18613 | 0.02299 | 0.07281 | 0.3377 | 0.3109 | after | 944 | 965 |  |  | .
 row | 11.0599 | 11.1240 | 0.02562 | 0.1376 | 0.18613 | 0.02299 | 0.07277 | 0.3375 | 0.3107 | after | 960 | 965 |  |  | .
 row | 11.0619 | 11.1260 | 0.02421 | 0.1301 | 0.18613 | 0.02299 | 0.07272 | 0.3372 | 0.3105 | after | 976 | 965 |  |  | .
 row | 11.0639 | 11.1280 | 0.02192 | 0.1178 | 0.18613 | 0.02298 | 0.07267 | 0.3370 | 0.3103 | after | 992 | 965 |  |  | .
 row | 11.0659 | 11.1300 | 0.02186 | 0.1175 | 0.18613 | 0.02298 | 0.07262 | 0.3368 | 0.3101 | after | 1008 | 965 |  |  | .
 row | 11.0679 | 11.1320 | 0.02327 | 0.1250 | 0.18613 | 0.02298 | 0.07257 | 0.3366 | 0.3099 | after | 1024 | 965 |  |  | .
 row | 11.0699 | 11.1340 | 0.03260 | 0.1751 | 0.18613 | 0.02299 | 0.07253 | 0.3364 | 0.3098 | after | 1040 | 965 |  |  | .
 row | 11.0719 | 11.1360 | 0.04762 | 0.2558 | 0.18613 | 0.02301 | 0.07250 | 0.3363 | 0.3098 | after | 1056 | 965 |  |  | .
 row | 11.0739 | 11.1380 | 0.06219 | 0.3341 | 0.18613 | 0.02305 | 0.07249 | 0.3363 | 0.3098 | after | 1072 | 965 |  |  | .
 row | 11.0759 | 11.1400 | 0.07671 | 0.4124 | 0.18602 | 0.02305 | 0.07250 | 0.3366 | 0.3100 | tone | 1088 | 965 | down |  | .
 row | 11.0779 | 11.1420 | 0.09123 | 0.4906 | 0.18593 | 0.02305 | 0.07252 | 0.3368 | 0.3102 | tone | 1104 | 965 |  |  | .
 row | 11.0799 | 11.1440 | 0.10441 | 0.5618 | 0.18585 | 0.02305 | 0.07255 | 0.3371 | 0.3105 | tone | 1120 | 965 |  |  | .
 row | 11.0819 | 11.1460 | 0.11574 | 0.6230 | 0.18578 | 0.02305 | 0.07259 | 0.3374 | 0.3107 | tone | 1136 | 965 |  |  | .
 row | 11.0839 | 11.1480 | 0.12937 | 0.6966 | 0.18572 | 0.02305 | 0.07265 | 0.3378 | 0.3111 | tone | 1152 | 965 |  |  | .
 row | 11.0859 | 11.1500 | 0.14482 | 0.7800 | 0.18568 | 0.02305 | 0.07272 | 0.3381 | 0.3114 | tone | 1168 | 965 |  |  | .
 row | 11.0879 | 11.1520 | 0.15858 | 0.8542 | 0.18565 | 0.02305 | 0.07281 | 0.3386 | 0.3118 | tone | 1184 | 965 |  |  | .
 row | 11.0899 | 11.1540 | 0.17089 | 0.9206 | 0.18564 | 0.02305 | 0.07290 | 0.3390 | 0.3122 | tone | 1200 | 965 |  |  | .
 row | 11.0919 | 11.1560 | 0.18318 | 0.9868 | 0.18564 | 0.02305 | 0.07301 | 0.3395 | 0.3126 | tone | 1216 | 965 |  |  | .
 row | 11.0939 | 11.1580 | 0.19768 | 1.0645 | 0.18570 | 0.02305 | 0.07314 | 0.3399 | 0.3129 | tone | 1232 | 965 |  |  | .
 row | 11.0959 | 11.1600 | 0.21126 | 1.1369 | 0.18582 | 0.02305 | 0.07328 | 0.3403 | 0.3132 | tone | 1248 | 965 |  |  | .
 row | 11.0979 | 11.1620 | 0.22492 | 1.2091 | 0.18602 | 0.02305 | 0.07343 | 0.3406 | 0.3135 | tone | 1264 | 965 |  |  | .
 row | 11.0999 | 11.1640 | 0.23574 | 1.2656 | 0.18627 | 0.02305 | 0.07359 | 0.3408 | 0.3137 | tone | 1280 | 965 |  |  | .
 row | 11.1019 | 11.1660 | 0.23848 | 1.2785 | 0.18653 | 0.02305 | 0.07376 | 0.3410 | 0.3139 | tone | 1296 | 965 |  |  | .
 row | 11.1039 | 11.1680 | 0.23701 | 1.2689 | 0.18678 | 0.02305 | 0.07392 | 0.3413 | 0.3141 | tone | 1312 | 965 |  |  | .
 row | 11.1059 | 11.1700 | 0.23784 | 1.2716 | 0.18704 | 0.02305 | 0.07408 | 0.3415 | 0.3142 | tone | 1328 | 965 |  |  | .
 row | 11.1079 | 11.1720 | 0.24016 | 1.2822 | 0.18730 | 0.02305 | 0.07425 | 0.3417 | 0.3144 | tone | 1344 | 965 |  |  | .
 row | 11.1099 | 11.1740 | 0.24030 | 1.2812 | 0.18757 | 0.02305 | 0.07441 | 0.3420 | 0.3146 | tone | 1360 | 965 |  |  | .
 row | 11.1119 | 11.1760 | 0.23976 | 1.2765 | 0.18783 | 0.02305 | 0.07458 | 0.3422 | 0.3148 | tone | 1376 | 965 |  |  | .
 row | 11.1139 | 11.1780 | 0.24054 | 1.2789 | 0.18809 | 0.02305 | 0.07475 | 0.3424 | 0.3149 | tone | 1392 | 965 |  |  | .
 row | 11.1159 | 11.1800 | 0.24024 | 1.2755 | 0.18835 | 0.02305 | 0.07491 | 0.3427 | 0.3151 | tone | 1408 | 965 |  |  | .
 row | 11.1179 | 11.1820 | 0.23884 | 1.2664 | 0.18861 | 0.02305 | 0.07508 | 0.3429 | 0.3153 | tone | 1424 | 965 |  |  | .
 row | 11.1199 | 11.1840 | 0.23884 | 1.2646 | 0.18886 | 0.02305 | 0.07524 | 0.3431 | 0.3155 | tone | 1440 | 965 |  |  | .
 row | 11.1219 | 11.1860 | 0.23974 | 1.2677 | 0.18911 | 0.02305 | 0.07540 | 0.3434 | 0.3157 | tone | 1456 | 965 |  |  | .
 row | 11.1239 | 11.1880 | 0.23981 | 1.2664 | 0.18936 | 0.02305 | 0.07557 | 0.3436 | 0.3159 | tone | 1472 | 965 |  |  | .
 row | 11.1259 | 11.1900 | 0.24010 | 1.2662 | 0.18962 | 0.02305 | 0.07573 | 0.3438 | 0.3160 | tone | 1488 | 965 |  |  | .
 row | 11.1279 | 11.1920 | 0.24096 | 1.2691 | 0.18987 | 0.02305 | 0.07590 | 0.3441 | 0.3162 | tone | 1504 | 965 |  |  | .
 row | 11.1299 | 11.1940 | 0.24040 | 1.2644 | 0.19013 | 0.02305 | 0.07606 | 0.3443 | 0.3164 | tone | 1520 | 965 |  |  | .
 row | 11.1319 | 11.1960 | 0.23913 | 1.2561 | 0.19037 | 0.02305 | 0.07623 | 0.3445 | 0.3166 | tone | 1536 | 965 |  |  | .
 row | 11.1339 | 11.1980 | 0.23936 | 1.2557 | 0.19062 | 0.02305 | 0.07639 | 0.3448 | 0.3168 | tone | 1552 | 965 |  |  | .
 row | 11.1359 | 11.2000 | 0.23999 | 1.2574 | 0.19086 | 0.02305 | 0.07655 | 0.3450 | 0.3170 | tone | 1568 | 965 |  |  | .
 row | 11.1379 | 11.2020 | 0.23905 | 1.2509 | 0.19111 | 0.02305 | 0.07671 | 0.3453 | 0.3172 | tone | 1584 | 965 |  |  | .
 row | 11.1399 | 11.2040 | 0.23835 | 1.2457 | 0.19134 | 0.02305 | 0.07688 | 0.3455 | 0.3174 | tone | 1600 | 965 |  |  | .
 row | 11.1419 | 11.2060 | 0.23897 | 1.2474 | 0.19158 | 0.02305 | 0.07704 | 0.3458 | 0.3176 | tone | 1616 | 965 |  |  | .
 row | 11.1439 | 11.2080 | 0.23970 | 1.2496 | 0.19182 | 0.02305 | 0.07720 | 0.3460 | 0.3178 | tone | 1632 | 965 |  |  | .
 row | 11.1459 | 11.2100 | 0.24012 | 1.2502 | 0.19206 | 0.02305 | 0.07736 | 0.3463 | 0.3180 | tone | 1648 | 965 |  |  | .
 row | 11.1479 | 11.2120 | 0.24088 | 1.2526 | 0.19231 | 0.02305 | 0.07753 | 0.3465 | 0.3182 | tone | 1664 | 965 |  |  | .
 row | 11.1499 | 11.2140 | 0.24131 | 1.2532 | 0.19255 | 0.02305 | 0.07769 | 0.3467 | 0.3184 | tone | 1680 | 965 |  |  | .
 row | 11.1519 | 11.2160 | 0.24154 | 1.2528 | 0.19280 | 0.02305 | 0.07786 | 0.3470 | 0.3185 | tone | 1696 | 965 |  |  | .
 row | 11.1539 | 11.2180 | 0.24314 | 1.2595 | 0.19305 | 0.02305 | 0.07802 | 0.3472 | 0.3187 | tone | 1712 | 965 |  |  | .
 row | 11.1559 | 11.2200 | 0.24481 | 1.2664 | 0.19331 | 0.02305 | 0.07819 | 0.3474 | 0.3189 | tone | 1728 | 965 |  |  | .
 row | 11.1579 | 11.2220 | 0.24382 | 1.2597 | 0.19356 | 0.02305 | 0.07835 | 0.3477 | 0.3191 | tone | 1744 | 965 |  |  | .
 row | 11.1599 | 11.2240 | 0.24172 | 1.2473 | 0.19380 | 0.02305 | 0.07852 | 0.3479 | 0.3193 | tone | 1760 | 965 |  |  | .
 row | 11.1619 | 11.2260 | 0.24193 | 1.2468 | 0.19404 | 0.02305 | 0.07868 | 0.3481 | 0.3195 | tone | 1776 | 965 |  |  | .
 row | 11.1639 | 11.2280 | 0.24366 | 1.2541 | 0.19429 | 0.02305 | 0.07884 | 0.3484 | 0.3197 | tone | 1792 | 965 |  |  | .
 row | 11.1659 | 11.2300 | 0.24453 | 1.2569 | 0.19454 | 0.02305 | 0.07901 | 0.3486 | 0.3198 | tone | 1808 | 965 |  |  | .
 row | 11.1679 | 11.2320 | 0.24427 | 1.2540 | 0.19479 | 0.02305 | 0.07918 | 0.3488 | 0.3200 | tone | 1824 | 965 |  |  | .
 row | 11.1699 | 11.2340 | 0.24276 | 1.2448 | 0.19503 | 0.02305 | 0.07934 | 0.3491 | 0.3202 | tone | 1840 | 965 |  |  | .
 row | 11.1719 | 11.2360 | 0.23935 | 1.2259 | 0.19525 | 0.02305 | 0.07950 | 0.3493 | 0.3204 | tone | 1856 | 965 |  |  | .
 row | 11.1739 | 11.2380 | 0.23684 | 1.2117 | 0.19546 | 0.02305 | 0.07966 | 0.3496 | 0.3207 | tone | 1872 | 965 |  |  | .
 row | 11.1759 | 11.2400 | 0.23788 | 1.2157 | 0.19567 | 0.02305 | 0.07981 | 0.3499 | 0.3209 | tone | 1888 | 965 |  |  | .
 row | 11.1779 | 11.2420 | 0.24057 | 1.2281 | 0.19589 | 0.02305 | 0.07998 | 0.3501 | 0.3211 | tone | 1904 | 965 |  |  | .
 row | 11.1799 | 11.2440 | 0.24155 | 1.2316 | 0.19612 | 0.02305 | 0.08014 | 0.3504 | 0.3213 | tone | 1920 | 965 |  |  | .
 row | 11.1819 | 11.2460 | 0.24054 | 1.2251 | 0.19634 | 0.02305 | 0.08030 | 0.3507 | 0.3215 | tone | 1936 | 965 |  |  | .
 row | 11.1839 | 11.2480 | 0.23980 | 1.2200 | 0.19656 | 0.02305 | 0.08046 | 0.3509 | 0.3217 | tone | 1952 | 965 |  |  | .
 row | 11.1859 | 11.2500 | 0.23976 | 1.2185 | 0.19678 | 0.02305 | 0.08062 | 0.3512 | 0.3219 | tone | 1968 | 965 |  |  | .
 row | 11.1879 | 11.2520 | 0.24056 | 1.2212 | 0.19700 | 0.02305 | 0.08078 | 0.3514 | 0.3221 | tone | 1984 | 965 |  |  | .
 row | 11.1899 | 11.2540 | 0.24260 | 1.2300 | 0.19722 | 0.02305 | 0.08094 | 0.3517 | 0.3223 | tone | 2000 | 965 |  |  | .
 row | 11.1919 | 11.2560 | 0.24392 | 1.2353 | 0.19746 | 0.02305 | 0.08110 | 0.3519 | 0.3225 | tone | 2016 | 965 |  |  | .
 row | 11.1939 | 11.2580 | 0.24317 | 1.2301 | 0.19769 | 0.02305 | 0.08126 | 0.3522 | 0.3227 | tone | 2032 | 965 |  |  | .
 row | 11.1959 | 11.2600 | 0.24304 | 1.2280 | 0.19791 | 0.02305 | 0.08142 | 0.3524 | 0.3229 | tone | 2048 | 965 |  |  | .
 row | 11.1979 | 11.2620 | 0.24510 | 1.2370 | 0.19815 | 0.02305 | 0.08159 | 0.3527 | 0.3231 | tone | 2064 | 965 |  |  | .
 row | 11.1999 | 11.2640 | 0.24692 | 1.2446 | 0.19839 | 0.02305 | 0.08175 | 0.3529 | 0.3233 | tone | 2080 | 965 |  |  | .
 row | 11.2019 | 11.2660 | 0.24764 | 1.2467 | 0.19864 | 0.02305 | 0.08192 | 0.3531 | 0.3235 | tone | 2096 | 965 |  |  | .
 row | 11.2039 | 11.2680 | 0.24980 | 1.2559 | 0.19890 | 0.02305 | 0.08209 | 0.3534 | 0.3237 | tone | 2112 | 965 |  |  | .
 row | 11.2059 | 11.2700 | 0.25229 | 1.2668 | 0.19916 | 0.02305 | 0.08226 | 0.3536 | 0.3238 | tone | 2128 | 965 |  |  | .
 row | 11.2079 | 11.2720 | 0.25084 | 1.2578 | 0.19942 | 0.02305 | 0.08243 | 0.3538 | 0.3240 | tone | 2144 | 965 |  |  | .
 row | 11.2099 | 11.2740 | 0.24659 | 1.2351 | 0.19966 | 0.02305 | 0.08259 | 0.3540 | 0.3242 | tone | 2160 | 965 |  |  | .
 row | 11.2119 | 11.2760 | 0.24486 | 1.2250 | 0.19988 | 0.02305 | 0.08275 | 0.3543 | 0.3244 | tone | 2176 | 965 |  |  | .
 row | 11.2139 | 11.2780 | 0.24674 | 1.2330 | 0.20012 | 0.02305 | 0.08292 | 0.3545 | 0.3246 | tone | 2192 | 965 |  |  | .
 row | 11.2159 | 11.2800 | 0.24801 | 1.2379 | 0.20036 | 0.02305 | 0.08308 | 0.3547 | 0.3248 | tone | 2208 | 965 |  |  | .
 row | 11.2179 | 11.2820 | 0.24686 | 1.2307 | 0.20059 | 0.02305 | 0.08325 | 0.3550 | 0.3250 | tone | 2224 | 965 |  |  | .
 row | 11.2199 | 11.2840 | 0.24431 | 1.2166 | 0.20081 | 0.02305 | 0.08341 | 0.3552 | 0.3252 | tone | 2240 | 965 |  |  | .
 row | 11.2219 | 11.2860 | 0.24172 | 1.2025 | 0.20101 | 0.02305 | 0.08357 | 0.3555 | 0.3254 | tone | 2256 | 965 |  |  | .
 row | 11.2239 | 11.2880 | 0.24165 | 1.2010 | 0.20122 | 0.02305 | 0.08372 | 0.3558 | 0.3256 | tone | 2272 | 965 |  |  | .
 row | 11.2259 | 11.2900 | 0.24477 | 1.2151 | 0.20143 | 0.02305 | 0.08388 | 0.3560 | 0.3258 | tone | 2288 | 965 |  |  | .
 row | 11.2279 | 11.2920 | 0.24713 | 1.2255 | 0.20166 | 0.02305 | 0.08405 | 0.3563 | 0.3260 | tone | 2304 | 965 |  |  | .
 row | 11.2299 | 11.2940 | 0.24721 | 1.2245 | 0.20189 | 0.02305 | 0.08421 | 0.3565 | 0.3262 | tone | 2320 | 965 |  |  | .
 row | 11.2319 | 11.2960 | 0.24803 | 1.2272 | 0.20212 | 0.02305 | 0.08437 | 0.3568 | 0.3264 | tone | 2336 | 965 |  |  | .
 row | 11.2339 | 11.2980 | 0.24990 | 1.2349 | 0.20236 | 0.02305 | 0.08454 | 0.3570 | 0.3266 | tone | 2352 | 965 |  |  | .
 row | 11.2359 | 11.3000 | 0.24868 | 1.2275 | 0.20259 | 0.02305 | 0.08470 | 0.3572 | 0.3268 | tone | 2368 | 965 |  |  | .
 row | 11.2379 | 11.3020 | 0.24516 | 1.2089 | 0.20280 | 0.02305 | 0.08486 | 0.3575 | 0.3270 | tone | 2384 | 965 |  |  | .
 row | 11.2399 | 11.3040 | 0.24468 | 1.2053 | 0.20301 | 0.02305 | 0.08502 | 0.3578 | 0.3272 | tone | 2400 | 965 |  |  | .
 row | 11.2419 | 11.3060 | 0.24729 | 1.2168 | 0.20323 | 0.02305 | 0.08519 | 0.3580 | 0.3274 | tone | 2416 | 965 |  |  | .
 row | 11.2439 | 11.3080 | 0.24881 | 1.2229 | 0.20346 | 0.02305 | 0.08535 | 0.3583 | 0.3276 | tone | 2432 | 965 |  |  | .
 row | 11.2459 | 11.3100 | 0.24900 | 1.2224 | 0.20369 | 0.02305 | 0.08551 | 0.3585 | 0.3278 | tone | 2448 | 965 |  |  | .
 row | 11.2479 | 11.3120 | 0.24960 | 1.2240 | 0.20392 | 0.02305 | 0.08568 | 0.3587 | 0.3280 | tone | 2464 | 965 |  |  | .
 row | 11.2499 | 11.3140 | 0.25055 | 1.2273 | 0.20415 | 0.02305 | 0.08584 | 0.3590 | 0.3282 | tone | 2480 | 965 |  |  | .
 row | 11.2519 | 11.3160 | 0.25225 | 1.2342 | 0.20439 | 0.02305 | 0.08601 | 0.3592 | 0.3284 | tone | 2496 | 965 |  |  | .
 row | 11.2539 | 11.3180 | 0.25516 | 1.2468 | 0.20465 | 0.02305 | 0.08618 | 0.3594 | 0.3286 | tone | 2512 | 965 |  |  | .
 row | 11.2559 | 11.3200 | 0.25738 | 1.2560 | 0.20491 | 0.02305 | 0.08635 | 0.3596 | 0.3287 | tone | 2528 | 965 |  |  | .
 row | 11.2579 | 11.3220 | 0.25738 | 1.2545 | 0.20517 | 0.02305 | 0.08652 | 0.3598 | 0.3289 | tone | 2544 | 965 |  |  | .
 row | 11.2599 | 11.3240 | 0.25668 | 1.2495 | 0.20543 | 0.02305 | 0.08669 | 0.3600 | 0.3291 | tone | 2560 | 965 |  |  | .
 row | 11.2619 | 11.3260 | 0.25365 | 1.2333 | 0.20567 | 0.02305 | 0.08686 | 0.3603 | 0.3292 | tone | 2576 | 965 |  |  | .
 row | 11.2639 | 11.3280 | 0.24392 | 1.1849 | 0.20586 | 0.02305 | 0.08701 | 0.3605 | 0.3295 | tone | 2592 | 965 |  |  | .
 row | 11.2659 | 11.3300 | 0.22872 | 1.1104 | 0.20598 | 0.02305 | 0.08716 | 0.3609 | 0.3298 | tone | 2608 | 965 |  |  | .
 row | 11.2679 | 11.3320 | 0.21690 | 1.0528 | 0.20603 | 0.02305 | 0.08729 | 0.3613 | 0.3301 | tone | 2624 | 965 |  |  | .
 row | 11.2699 | 11.3340 | 0.20633 | 1.0014 | 0.20603 | 0.02305 | 0.08741 | 0.3618 | 0.3305 | tone | 2640 | 965 |  |  | .
 row | 11.2719 | 11.3360 | 0.19311 | 0.9374 | 0.20602 | 0.02305 | 0.08751 | 0.3622 | 0.3309 | tone | 2656 | 965 |  |  | .
 row | 11.2739 | 11.3380 | 0.17847 | 0.8664 | 0.20599 | 0.02305 | 0.08760 | 0.3626 | 0.3313 | tone | 2672 | 965 |  |  | .
 row | 11.2759 | 11.3400 | 0.16395 | 0.7961 | 0.20595 | 0.02305 | 0.08768 | 0.3630 | 0.3316 | tone | 2688 | 965 |  |  | .
 row | 11.2779 | 11.3420 | 0.14809 | 0.7193 | 0.20589 | 0.02305 | 0.08774 | 0.3633 | 0.3319 | tone | 2704 | 965 |  |  | .
 row | 11.2799 | 11.3440 | 0.13184 | 0.6405 | 0.20582 | 0.02305 | 0.08778 | 0.3636 | 0.3322 | tone | 2720 | 965 |  |  | .
 row | 11.2819 | 11.3460 | 0.11625 | 0.5651 | 0.20573 | 0.02305 | 0.08781 | 0.3639 | 0.3324 | tone | 2736 | 965 |  |  | .
 row | 11.2839 | 11.3480 | 0.10110 | 0.4917 | 0.20562 | 0.02305 | 0.08782 | 0.3641 | 0.3326 | tone | 2752 | 965 |  |  | .
 row | 11.2859 | 11.3500 | 0.08592 | 0.4178 | 0.20562 | 0.02312 | 0.08782 | 0.3642 | 0.3327 | tone | 2768 | 965 |  |  | .
 row | 11.2879 | 11.3520 | 0.07072 | 0.3439 | 0.20562 | 0.02316 | 0.08781 | 0.3641 | 0.3327 | tone | 2784 | 965 |  |  | .
 row | 11.2899 | 11.3540 | 0.05484 | 0.2667 | 0.20562 | 0.02320 | 0.08777 | 0.3640 | 0.3326 | after | 2800 | 972 | up 1712 |  | .-
 row | 11.2919 | 11.3560 | 0.03919 | 0.1906 | 0.20562 | 0.02321 | 0.08772 | 0.3639 | 0.3325 | after | 2816 | 972 |  |  | .-
 row | 11.2939 | 11.3580 | 0.02518 | 0.1225 | 0.20562 | 0.02321 | 0.08766 | 0.3636 | 0.3323 | after | 2832 | 972 |  |  | .-
 row | 11.2959 | 11.3600 | 0.01882 | 0.0915 | 0.20562 | 0.02319 | 0.08759 | 0.3633 | 0.3320 | after | 2848 | 972 |  |  | .-
 row | 11.2979 | 11.3620 | 0.01918 | 0.0933 | 0.20562 | 0.02317 | 0.08752 | 0.3631 | 0.3318 | after | 2864 | 972 |  |  | .-
 row | 11.2999 | 11.3640 | 0.01787 | 0.0869 | 0.20562 | 0.02314 | 0.08745 | 0.3628 | 0.3315 | after | 2880 | 972 |  |  | .-
 row | 11.3019 | 11.3660 | 0.01647 | 0.0801 | 0.20562 | 0.02311 | 0.08738 | 0.3625 | 0.3312 | after | 2896 | 972 |  |  | .-
 row | 11.3039 | 11.3680 | 0.01641 | 0.0798 | 0.20562 | 0.02308 | 0.08731 | 0.3621 | 0.3309 | after | 2912 | 972 |  |  | .-
 row | 11.3059 | 11.3700 | 0.01673 | 0.0814 | 0.20562 | 0.02305 | 0.08724 | 0.3618 | 0.3306 | after | 2928 | 972 |  |  | .-
 row | 11.3079 | 11.3720 | 0.01696 | 0.0825 | 0.20562 | 0.02302 | 0.08717 | 0.3615 | 0.3303 | after | 2944 | 972 |  |  | .-
 row | 11.3099 | 11.3740 | 0.01791 | 0.0871 | 0.20562 | 0.02299 | 0.08710 | 0.3612 | 0.3301 | after | 2960 | 972 |  |  | .-
 row | 11.3119 | 11.3760 | 0.01808 | 0.0879 | 0.20562 | 0.02297 | 0.08703 | 0.3609 | 0.3298 | after | 2976 | 972 |  |  | .-
 row | 11.3139 | 11.3780 | 0.01914 | 0.0931 | 0.20562 | 0.02295 | 0.08697 | 0.3607 | 0.3295 | after | 2992 | 972 |  |  | .-
 row | 11.3159 | 11.3800 | 0.02083 | 0.1013 | 0.20562 | 0.02294 | 0.08690 | 0.3604 | 0.3293 | after | 3008 | 972 |  |  | .-
 row | 11.3179 | 11.3820 | 0.02193 | 0.1067 | 0.20562 | 0.02293 | 0.08683 | 0.3601 | 0.3291 | after | 3024 | 972 |  |  | .-
 row | 11.3199 | 11.3840 | 0.02147 | 0.1044 | 0.20562 | 0.02292 | 0.08677 | 0.3599 | 0.3288 | after | 3040 | 972 |  |  | .-
 row | 11.3219 | 11.3860 | 0.02360 | 0.1147 | 0.20562 | 0.02292 | 0.08671 | 0.3596 | 0.3286 | after | 3056 | 972 |  |  | .-
 row | 11.3239 | 11.3880 | 0.02304 | 0.1120 | 0.20562 | 0.02292 | 0.08664 | 0.3594 | 0.3284 | after | 3072 | 972 |  |  | .-
 row | 11.3259 | 11.3900 | 0.02543 | 0.1237 | 0.20562 | 0.02293 | 0.08658 | 0.3592 | 0.3282 | after | 3088 | 972 |  |  | .-
 row | 11.3279 | 11.3920 | 0.02847 | 0.1384 | 0.20562 | 0.02293 | 0.08652 | 0.3589 | 0.3280 | after | 3104 | 972 |  |  | .-
 row | 11.3299 | 11.3940 | 0.02877 | 0.1399 | 0.20562 | 0.02294 | 0.08647 | 0.3587 | 0.3278 | after | 3120 | 972 |  |  | .-
 row | 11.3319 | 11.3960 | 0.03094 | 0.1505 | 0.20562 | 0.02295 | 0.08641 | 0.3585 | 0.3276 | after | 3136 | 972 |  |  | .-
 row | 11.3339 | 11.3980 | 0.03216 | 0.1564 | 0.20562 | 0.02296 | 0.08636 | 0.3583 | 0.3275 | after | 3152 | 972 |  |  | .-
 row | 11.3359 | 11.4000 | 0.03390 | 0.1649 | 0.20562 | 0.02297 | 0.08630 | 0.3581 | 0.3273 | after | 3168 | 972 |  |  | .-
 row | 11.3379 | 11.4020 | 0.03442 | 0.1674 | 0.20562 | 0.02298 | 0.08625 | 0.3579 | 0.3271 | after | 3184 | 972 |  |  | .-
 row | 11.3399 | 11.4040 | 0.03314 | 0.1612 | 0.20562 | 0.02299 | 0.08620 | 0.3577 | 0.3270 | after | 3200 | 972 |  |  | .-
 row | 11.3419 | 11.4060 | 0.03176 | 0.1545 | 0.20562 | 0.02300 | 0.08614 | 0.3575 | 0.3268 | after | 3216 | 972 |  |  | .-
 row | 11.3439 | 11.4080 | 0.03269 | 0.1590 | 0.20562 | 0.02301 | 0.08609 | 0.3573 | 0.3266 | after | 3232 | 972 |  |  | .-
 row | 11.3459 | 11.4100 | 0.03229 | 0.1570 | 0.20562 | 0.02302 | 0.08604 | 0.3571 | 0.3265 | after | 3248 | 972 |  |  | .-
 row | 11.3479 | 11.4120 | 0.03068 | 0.1492 | 0.20562 | 0.02302 | 0.08598 | 0.3569 | 0.3263 | after | 3264 | 972 |  |  | .-
 row | 11.3499 | 11.4140 | 0.03014 | 0.1466 | 0.20562 | 0.02303 | 0.08593 | 0.3567 | 0.3261 | after | 3280 | 972 |  |  | .-
 row | 11.3519 | 11.4160 | 0.02986 | 0.1452 | 0.20562 | 0.02304 | 0.08587 | 0.3565 | 0.3259 | after | 3296 | 972 |  |  | .-
 row | 11.3539 | 11.4180 | 0.02836 | 0.1379 | 0.20562 | 0.02304 | 0.08581 | 0.3563 | 0.3257 | after | 3312 | 972 |  |  | .-
 row | 11.3559 | 11.4200 | 0.02888 | 0.1405 | 0.20562 | 0.02305 | 0.08575 | 0.3561 | 0.3256 | after | 3328 | 972 |  |  | .-
 row | 11.3579 | 11.4220 | 0.02975 | 0.1447 | 0.20562 | 0.02306 | 0.08570 | 0.3558 | 0.3254 | after | 3344 | 972 |  |  | .-
 row | 11.3599 | 11.4240 | 0.02704 | 0.1315 | 0.20562 | 0.02306 | 0.08564 | 0.3556 | 0.3252 | after | 3360 | 972 |  |  | .-
 row | 11.3619 | 11.4260 | 0.02683 | 0.1305 | 0.20562 | 0.02306 | 0.08558 | 0.3554 | 0.3250 | after | 3376 | 972 |  |  | .-
 row | 11.3639 | 11.4280 | 0.02590 | 0.1259 | 0.20562 | 0.02307 | 0.08552 | 0.3552 | 0.3248 | after | 3392 | 972 |  |  | .-
 row | 11.3659 | 11.4300 | 0.02477 | 0.1204 | 0.20562 | 0.02307 | 0.08546 | 0.3549 | 0.3246 | after | 3408 | 972 |  |  | .-
 row | 11.3679 | 11.4320 | 0.02366 | 0.1151 | 0.20562 | 0.02307 | 0.08540 | 0.3547 | 0.3244 | after | 3424 | 972 |  |  | .-
 row | 11.3699 | 11.4340 | 0.02242 | 0.1090 | 0.20562 | 0.02306 | 0.08534 | 0.3544 | 0.3242 | after | 3440 | 972 |  |  | .-
 row | 11.3719 | 11.4360 | 0.02380 | 0.1158 | 0.20562 | 0.02307 | 0.08527 | 0.3542 | 0.3239 | after | 3456 | 972 |  |  | .-
 row | 11.3739 | 11.4380 | 0.02479 | 0.1205 | 0.20562 | 0.02307 | 0.08521 | 0.3540 | 0.3237 | after | 3472 | 972 |  |  | .-
 row | 11.3759 | 11.4400 | 0.02409 | 0.1172 | 0.20562 | 0.02307 | 0.08515 | 0.3537 | 0.3235 | after | 3488 | 972 |  |  | .-
 row | 11.3779 | 11.4420 | 0.02510 | 0.1221 | 0.20562 | 0.02307 | 0.08509 | 0.3535 | 0.3233 | after | 3504 | 972 |  |  | .-
 row | 11.3799 | 11.4440 | 0.02760 | 0.1342 | 0.20562 | 0.02307 | 0.08504 | 0.3533 | 0.3231 | after | 3520 | 972 |  |  | .-
 row | 11.3819 | 11.4460 | 0.02708 | 0.1317 | 0.20562 | 0.02308 | 0.08498 | 0.3531 | 0.3230 | after | 3536 | 972 |  |  | .-
 row | 11.3839 | 11.4480 | 0.02828 | 0.1375 | 0.20562 | 0.02308 | 0.08492 | 0.3528 | 0.3228 | after | 3552 | 972 |  |  | .-
 row | 11.3859 | 11.4500 | 0.02790 | 0.1357 | 0.20562 | 0.02309 | 0.08486 | 0.3526 | 0.3226 | after | 3568 | 972 |  |  | .-
 row | 11.3879 | 11.4520 | 0.02808 | 0.1366 | 0.20562 | 0.02309 | 0.08481 | 0.3524 | 0.3224 | after | 3584 | 972 |  |  | .-
 row | 11.3899 | 11.4540 | 0.02481 | 0.1206 | 0.20562 | 0.02310 | 0.08475 | 0.3522 | 0.3222 | after | 3600 | 972 |  |  | .-
 row | 11.3919 | 11.4560 | 0.02428 | 0.1181 | 0.20562 | 0.02310 | 0.08469 | 0.3519 | 0.3220 | after | 3616 | 972 |  |  | .-
 row | 11.3939 | 11.4580 | 0.02428 | 0.1181 | 0.20562 | 0.02310 | 0.08463 | 0.3517 | 0.3218 | after | 3632 | 972 |  |  | .-
 row | 11.3959 | 11.4600 | 0.02346 | 0.1141 | 0.20562 | 0.02310 | 0.08456 | 0.3515 | 0.3216 | after | 3648 | 972 |  |  | .-
 row | 11.3979 | 11.4620 | 0.02308 | 0.1123 | 0.20562 | 0.02310 | 0.08450 | 0.3512 | 0.3214 | after | 3664 | 972 |  |  | .-
 row | 11.3999 | 11.4640 | 0.02254 | 0.1096 | 0.20562 | 0.02310 | 0.08444 | 0.3510 | 0.3212 | after | 3680 | 972 |  |  | .-
 row | 11.4019 | 11.4660 | 0.02301 | 0.1119 | 0.20562 | 0.02309 | 0.08438 | 0.3508 | 0.3209 | after | 3696 | 972 |  |  | .-
 row | 11.4039 | 11.4680 | 0.02229 | 0.1084 | 0.20562 | 0.02309 | 0.08432 | 0.3505 | 0.3207 | after | 3712 | 972 |  |  | .-
 row | 11.4059 | 11.4700 | 0.02306 | 0.1122 | 0.20562 | 0.02309 | 0.08426 | 0.3503 | 0.3205 | after | 3728 | 972 |  |  | .-
 row | 11.4079 | 11.4720 | 0.02308 | 0.1122 | 0.20562 | 0.02309 | 0.08420 | 0.3500 | 0.3203 | after | 3744 | 972 |  |  | .-
 row | 11.4099 | 11.4740 | 0.02218 | 0.1079 | 0.20562 | 0.02309 | 0.08413 | 0.3498 | 0.3201 | after | 3760 | 972 |  |  | .-
 row | 11.4119 | 11.4760 | 0.02067 | 0.1005 | 0.20562 | 0.02307 | 0.08407 | 0.3495 | 0.3199 | after | 3776 | 972 |  |  | .-
 row | 11.4139 | 11.4780 | 0.02040 | 0.0992 | 0.20562 | 0.02306 | 0.08401 | 0.3493 | 0.3196 | after | 3792 | 972 |  |  | .-
 row | 11.4159 | 11.4800 | 0.01934 | 0.0941 | 0.20562 | 0.02304 | 0.08394 | 0.3490 | 0.3194 | after | 3808 | 972 |  |  | .-
 row | 11.4179 | 11.4820 | 0.01973 | 0.0959 | 0.20562 | 0.02303 | 0.08388 | 0.3487 | 0.3191 | idle | 3824 | 972 |  | A | 
 row | 11.4199 | 11.4840 | 0.02106 | 0.1024 | 0.20562 | 0.02302 | 0.08381 | 0.3485 | 0.3189 | idle | 3840 | 972 |  |  | 
 row | 11.4219 | 11.4860 | 0.02237 | 0.1088 | 0.20562 | 0.02301 | 0.08375 | 0.3482 | 0.3187 | idle | 3856 | 972 |  |  | 
 row | 11.4239 | 11.4880 | 0.02361 | 0.1148 | 0.20562 | 0.02301 | 0.08369 | 0.3480 | 0.3185 | idle | 3872 | 972 |  |  | 
 row | 11.4259 | 11.4900 | 0.02315 | 0.1126 | 0.20562 | 0.02301 | 0.08363 | 0.3478 | 0.3183 | idle | 3888 | 972 |  |  | 
 row | 11.4279 | 11.4920 | 0.02249 | 0.1094 | 0.20562 | 0.02301 | 0.08357 | 0.3475 | 0.3181 | idle | 3904 | 972 |  |  | 
 row | 11.4299 | 11.4940 | 0.02279 | 0.1108 | 0.20562 | 0.02301 | 0.08351 | 0.3473 | 0.3179 | idle | 3920 | 972 |  |  | 
 row | 11.4319 | 11.4960 | 0.02177 | 0.1059 | 0.20562 | 0.02300 | 0.08345 | 0.3470 | 0.3176 | idle | 3936 | 972 |  |  | 
 row | 11.4339 | 11.4980 | 0.02095 | 0.1019 | 0.20562 | 0.02299 | 0.08339 | 0.3468 | 0.3174 | idle | 3952 | 972 |  |  | 
 row | 11.4359 | 11.5000 | 0.01973 | 0.0959 | 0.20562 | 0.02298 | 0.08332 | 0.3465 | 0.3172 | idle | 3968 | 972 |  |  | 
 row | 11.4379 | 11.5020 | 0.01890 | 0.0919 | 0.20562 | 0.02296 | 0.08326 | 0.3463 | 0.3169 | idle | 3984 | 972 |  |  | 
 row | 11.4399 | 11.5040 | 0.01967 | 0.0957 | 0.20562 | 0.02294 | 0.08319 | 0.3460 | 0.3167 | idle | 4000 | 972 |  |  | 
 row | 11.4419 | 11.5060 | 0.02063 | 0.1003 | 0.20562 | 0.02293 | 0.08313 | 0.3457 | 0.3165 | idle | 4016 | 972 |  |  | 
 row | 11.4439 | 11.5080 | 0.02058 | 0.1001 | 0.20562 | 0.02292 | 0.08307 | 0.3455 | 0.3162 | idle | 4032 | 972 |  |  | 
 row | 11.4459 | 11.5100 | 0.02120 | 0.1031 | 0.20562 | 0.02291 | 0.08301 | 0.3452 | 0.3160 | idle | 4048 | 972 |  |  | 
 row | 11.4479 | 11.5120 | 0.02151 | 0.1046 | 0.20562 | 0.02290 | 0.08295 | 0.3450 | 0.3158 | idle | 4064 | 972 |  |  | 
 row | 11.4499 | 11.5140 | 0.02203 | 0.1071 | 0.20562 | 0.02290 | 0.08289 | 0.3447 | 0.3156 | idle | 4080 | 972 |  |  | 
 row | 11.4519 | 11.5160 | 0.02136 | 0.1039 | 0.20562 | 0.02289 | 0.08282 | 0.3445 | 0.3153 | idle | 4096 | 972 |  |  | 
 row | 11.4539 | 11.5180 | 0.02119 | 0.1030 | 0.20562 | 0.02288 | 0.08276 | 0.3442 | 0.3151 | idle | 4112 | 972 |  |  | 
 row | 11.4559 | 11.5200 | 0.01993 | 0.0969 | 0.20562 | 0.02287 | 0.08270 | 0.3440 | 0.3149 | idle | 4128 | 972 |  |  | 
 row | 11.4579 | 11.5220 | 0.01953 | 0.0950 | 0.20562 | 0.02285 | 0.08264 | 0.3437 | 0.3147 | idle | 4144 | 972 |  |  | 
 row | 11.4599 | 11.5240 | 0.02004 | 0.0974 | 0.20562 | 0.02283 | 0.08257 | 0.3435 | 0.3144 | idle | 4160 | 972 |  |  | 
 row | 11.4619 | 11.5260 | 0.02045 | 0.0995 | 0.20562 | 0.02282 | 0.08251 | 0.3432 | 0.3142 | idle | 4176 | 972 |  |  | 
 row | 11.4639 | 11.5280 | 0.02169 | 0.1055 | 0.20562 | 0.02282 | 0.08245 | 0.3430 | 0.3140 | idle | 4192 | 972 |  |  | 
 row | 11.4659 | 11.5300 | 0.02300 | 0.1119 | 0.20562 | 0.02282 | 0.08239 | 0.3427 | 0.3138 | idle | 4208 | 972 |  |  | 
 row | 11.4679 | 11.5320 | 0.02896 | 0.1408 | 0.20562 | 0.02282 | 0.08234 | 0.3425 | 0.3136 | idle | 4224 | 972 |  |  | 
 row | 11.4699 | 11.5340 | 0.03987 | 0.1939 | 0.20562 | 0.02284 | 0.08230 | 0.3424 | 0.3135 | idle | 4240 | 972 |  |  | 
 row | 11.4719 | 11.5360 | 0.05454 | 0.2652 | 0.20562 | 0.02287 | 0.08227 | 0.3423 | 0.3134 | idle | 4256 | 972 |  |  | 
 row | 11.4739 | 11.5380 | 0.07043 | 0.3425 | 0.20562 | 0.02292 | 0.08226 | 0.3423 | 0.3135 | tone | 0 | 972 | down |  | 
 row | 11.4759 | 11.5400 | 0.08647 | 0.4208 | 0.20551 | 0.02292 | 0.08226 | 0.3425 | 0.3137 | tone | 16 | 972 |  |  | 
 row | 11.4779 | 11.5420 | 0.09982 | 0.4860 | 0.20540 | 0.02292 | 0.08228 | 0.3428 | 0.3139 | tone | 32 | 972 |  |  | 
 row | 11.4799 | 11.5440 | 0.11121 | 0.5417 | 0.20531 | 0.02292 | 0.08231 | 0.3430 | 0.3141 | tone | 48 | 972 |  |  | 
 row | 11.4819 | 11.5460 | 0.12251 | 0.5970 | 0.20522 | 0.02292 | 0.08235 | 0.3433 | 0.3144 | tone | 64 | 972 |  |  | 
 row | 11.4839 | 11.5480 | 0.13506 | 0.6583 | 0.20515 | 0.02292 | 0.08240 | 0.3437 | 0.3147 | tone | 80 | 972 |  |  | 
 row | 11.4859 | 11.5500 | 0.14814 | 0.7223 | 0.20510 | 0.02292 | 0.08246 | 0.3440 | 0.3150 | tone | 96 | 972 |  |  | 
 row | 11.4879 | 11.5520 | 0.16166 | 0.7884 | 0.20505 | 0.02292 | 0.08254 | 0.3444 | 0.3153 | tone | 112 | 972 |  |  | 
 row | 11.4899 | 11.5540 | 0.17633 | 0.8600 | 0.20502 | 0.02292 | 0.08264 | 0.3448 | 0.3157 | tone | 128 | 972 |  |  | 
 row | 11.4919 | 11.5560 | 0.19064 | 0.9299 | 0.20501 | 0.02292 | 0.08275 | 0.3453 | 0.3161 | tone | 144 | 972 |  |  | 
 row | 11.4939 | 11.5580 | 0.20424 | 0.9962 | 0.20501 | 0.02292 | 0.08287 | 0.3457 | 0.3165 | tone | 160 | 972 |  |  | 
 row | 11.4959 | 11.5600 | 0.21781 | 1.0621 | 0.20507 | 0.02292 | 0.08300 | 0.3462 | 0.3169 | tone | 176 | 972 |  |  | 
 row | 11.4979 | 11.5620 | 0.23049 | 1.1232 | 0.20520 | 0.02292 | 0.08315 | 0.3465 | 0.3172 | tone | 192 | 972 |  |  | 
 row | 11.4999 | 11.5640 | 0.23841 | 1.1609 | 0.20537 | 0.02292 | 0.08330 | 0.3468 | 0.3174 | tone | 208 | 972 |  |  | 
 row | 11.5019 | 11.5660 | 0.24058 | 1.1705 | 0.20554 | 0.02292 | 0.08346 | 0.3472 | 0.3177 | tone | 224 | 972 |  |  | 
 row | 11.5039 | 11.5680 | 0.23972 | 1.1653 | 0.20571 | 0.02292 | 0.08362 | 0.3475 | 0.3180 | tone | 240 | 972 |  |  | 
 row | 11.5059 | 11.5700 | 0.23819 | 1.1570 | 0.20587 | 0.02292 | 0.08377 | 0.3478 | 0.3182 | tone | 256 | 972 |  |  | 
 row | 11.5079 | 11.5720 | 0.23762 | 1.1533 | 0.20603 | 0.02292 | 0.08393 | 0.3481 | 0.3185 | tone | 272 | 972 |  |  | 
 row | 11.5099 | 11.5740 | 0.23916 | 1.1598 | 0.20620 | 0.02292 | 0.08408 | 0.3484 | 0.3188 | tone | 288 | 972 |  |  | 
 row | 11.5119 | 11.5760 | 0.24199 | 1.1725 | 0.20638 | 0.02292 | 0.08424 | 0.3488 | 0.3190 | tone | 304 | 972 |  |  | 
 row | 11.5139 | 11.5780 | 0.24444 | 1.1834 | 0.20657 | 0.02292 | 0.08440 | 0.3491 | 0.3193 | tone | 320 | 972 |  |  | 



Test Run Successful.
Total tests: 1
     Passed: 1
 Total time: 2.3883 Seconds
RC=0 WALL=3s
